date,year,time,site,block,site_type,wetland_id,temp,water,wind,species,method,25m,50m,total,breeding codes
5/30/2022,2022,8:22,halidon,1,wetland,HH34,79.3,0,0.8,BGGN,a,2,,2,
5/30/2022,2022,8:22,halidon,1,wetland,HH34,79.3,0,0.8,COYE,a,2,1,3,
5/30/2022,2022,8:22,halidon,1,wetland,HH34,79.3,0,0.8,EATO,a,,3,3,
5/30/2022,2022,8:22,halidon,1,wetland,HH34,79.3,0,0.8,YBCH,a,,1,1,
5/30/2022,2022,8:33,halidon,1,upland,UP01,79,0,0.7,COYE,a,1,2,3,
5/30/2022,2022,8:33,halidon,1,upland,UP01,79,0,0.7,EATO,a,,1,1,
5/30/2022,2022,8:33,halidon,1,upland,UP01,79,0,0.7,BLJA,v,,4,4,
5/30/2022,2022,8:33,halidon,1,upland,UP01,79,0,0.7,EWPE,a,1,,1,
5/30/2022,2022,8:33,halidon,1,upland,UP01,79,0,0.7,MODO,v,,1,1,
5/30/2022,2022,7:39,halidon,1,wetland,HH13,76,0,1.2,SUTA,v,3,,3,
5/30/2022,2022,7:39,halidon,1,wetland,HH13,76,0,1.2,BGGN,a,2,,2,
5/30/2022,2022,7:39,halidon,1,wetland,HH13,76,0,1.2,EATO,a,2,,2,
5/30/2022,2022,7:39,halidon,1,wetland,HH13,76,0,1.2,INBU,a,,1,1,
5/30/2022,2022,7:39,halidon,1,wetland,HH13,76,0,1.2,TUTI,a,,1,1,
5/30/2022,2022,7:39,halidon,1,wetland,HH13,76,0,1.2,YBCH,a,1,,1,
5/30/2022,2022,8:04,halidon,,wetland,HH34r,76.9,0,1.4,PIWA,a,,2,2,
5/30/2022,2022,8:04,halidon,,wetland,HH34r,76.9,0,1.4,COYE,a,,2,2,
5/30/2022,2022,8:04,halidon,,wetland,HH34r,76.9,0,1.4,NOCA,a,1,,1,
5/30/2022,2022,8:04,halidon,,wetland,HH34r,76.9,0,1.4,CARW,a,,1,1,
5/30/2022,2022,8:04,halidon,,wetland,HH34r,76.9,0,1.4,EAWP,a,,1,1,
5/30/2022,2022,8:04,halidon,,wetland,HH34r,76.9,0,1.4,BGGN,a,2,,2,
5/30/2022,2022,8:04,halidon,,wetland,HH34r,76.9,0,1.4,RBWO,a,,1,1,
5/30/2022,2022,8:04,halidon,,wetland,HH34r,76.9,0,1.4,CACH,a,2,,2,
5/30/2022,2022,7:00,halidon,2,upland,UP02,70,0,0,BGGN,a,1,,1,
5/30/2022,2022,7:00,halidon,2,upland,UP02,70,0,0,COYE,a,,1,1,
5/30/2022,2022,7:00,halidon,2,upland,UP02,70,0,0,BASP,a,,2,2,
5/30/2022,2022,7:00,halidon,2,upland,UP02,70,0,0,PIWA,a,,2,2,
5/30/2022,2022,7:00,halidon,2,upland,UP02,70,0,0,EAWP,a,,1,1,
5/30/2022,2022,7:00,halidon,2,upland,UP02,70,0,0,RHWO,v,,2,2,
5/30/2022,2022,7:00,halidon,2,upland,UP02,70,0,0,BHCO,a,1,,1,
5/30/2022,2022,7:13,halidon,2,wetland,HH14,71.5,0,0,BGGN,a,1,,1,
5/30/2022,2022,7:13,halidon,2,wetland,HH14,71.5,0,0,NOMO,a,,1,1,
5/30/2022,2022,7:13,halidon,2,wetland,HH14,71.5,0,0,TUTI,a,,1,1,
5/30/2022,2022,7:13,halidon,2,wetland,HH14,71.5,0,0,NOCA,a,1,,1,
5/26/2022,2022,9:07,halidon,,wetland,HH01,83,0,0.6,NOMO,a,,1,1,
5/26/2022,2022,9:07,halidon,,wetland,HH01,83,0,0.6,OROR,v,1,,1,
5/26/2022,2022,9:07,halidon,,wetland,HH01,83,0,0.6,COYE,a,1,,1,
5/26/2022,2022,9:07,halidon,,wetland,HH01,83,0,0.6,PIWA,v,1,,1,
5/26/2022,2022,9:07,halidon,,wetland,HH01,83,0,0.6,EAKI,v,,1,1,
5/26/2022,2022,7:08,halidon,2,wetland,HH22,72,0,0,COYE,a,,1,1,
5/26/2022,2022,7:08,halidon,2,wetland,HH22,72,0,0,BASP,a,,1,1,
5/26/2022,2022,7:08,halidon,2,wetland,HH22,72,0,0,BGGN,a,2,,2,
5/26/2022,2022,7:08,halidon,2,wetland,HH22,72,0,0,TUTI,a,,1,1,
5/26/2022,2022,7:08,halidon,2,wetland,HH22,72,0,0,RBWO,a,1,,1,
5/26/2022,2022,7:08,halidon,2,wetland,HH22,72,0,0,INBU,a,,1,1,
5/26/2022,2022,7:30,halidon,2,wetland,HH17,71,0,0.6,COYE,a,1,2,3,
5/26/2022,2022,7:30,halidon,2,wetland,HH17,71,0,0.6,BLGR,a,1,,1,
5/26/2022,2022,7:30,halidon,2,wetland,HH17,71,0,0.6,NOCA,a,,1,1,
5/26/2022,2022,7:49,halidon,4,wetland,HH07,74,0,0.6,YTWA,a,1,,1,
5/26/2022,2022,7:49,halidon,4,wetland,HH07,74,0,0.6,YTWA,v,2,,2,
5/26/2022,2022,7:49,halidon,4,wetland,HH07,74,0,0.6,COYE,a,,2,2,
5/26/2022,2022,7:49,halidon,4,wetland,HH07,74,0,0.6,EATO,a,,2,2,
5/26/2022,2022,7:49,halidon,4,wetland,HH07,74,0,0.6,CARW,a,1,,1,
5/26/2022,2022,7:49,halidon,4,wetland,HH07,74,0,0.6,GCFL,a,,1,1,
5/26/2022,2022,8:09,halidon,,wetland,HH05,75,0,0.8,EATO,a,1,1,2,
5/26/2022,2022,8:09,halidon,,wetland,HH05,75,0,0.8,CARW,a,1,,1,
5/26/2022,2022,8:09,halidon,,wetland,HH05,75,0,0.8,COYE,a,,1,1,
5/26/2022,2022,8:09,halidon,,wetland,HH05,75,0,0.8,GCFL,a,,1,1,
5/26/2022,2022,8:09,halidon,,wetland,HH05,75,0,0.8,NOCA,a,,1,1,
5/26/2022,2022,8:09,halidon,,wetland,HH05,75,0,0.8,BGGN,a,1,,1,
5/26/2022,2022,8:09,halidon,,wetland,HH05,75,0,0.8,TUTI,a,1,,1,
5/26/2022,2022,8:09,halidon,,wetland,HH05,75,0,0.8,YBCH,a,,1,1,
5/26/2022,2022,8:09,halidon,,wetland,HH05,75,0,0.8,DOWO,a,1,,1,
5/26/2022,2022,8:33,halidon,4,upland,UP04,86,0,1.8,BLGR,v,1,,1,
5/26/2022,2022,8:33,halidon,4,upland,UP04,86,0,1.8,BLGR,a,,1,1,
5/26/2022,2022,8:33,halidon,4,upland,UP04,86,0,1.8,MODO,v,1,,1,
5/26/2022,2022,8:33,halidon,4,upland,UP04,86,0,1.8,EABL,v,,1,1,
5/26/2022,2022,8:33,halidon,4,upland,UP04,86,0,1.8,EAKI,a,,1,1,
5/26/2022,2022,8:33,halidon,4,upland,UP04,86,0,1.8,BASP,a,,1,1,
5/26/2022,2022,8:47,halidon,4,wetland,HH04,79,0,1.9,BGGN,a,1,,1,
5/26/2022,2022,8:47,halidon,4,wetland,HH04,79,0,1.9,COYE,a,,2,2,
5/26/2022,2022,8:47,halidon,4,wetland,HH04,79,0,1.9,NOMO,a,,1,1,
5/26/2022,2022,8:47,halidon,4,wetland,HH04,79,0,1.9,BASP,a,,1,1,
5/26/2022,2022,8:47,halidon,4,wetland,HH04,79,0,1.9,BLGR,v,,2,2,
5/18/2022,2022,8:35,halidon,,wetland,HH43,70,0,0,CARW,a,1,1,2,
5/18/2022,2022,8:35,halidon,,wetland,HH43,70,0,0,BGGN,a,2,,2,
5/18/2022,2022,8:35,halidon,,wetland,HH43,70,0,0,RBWO,a,,1,1,
5/18/2022,2022,8:35,halidon,,wetland,HH43,70,0,0,COYE,a,,1,1,
5/18/2022,2022,8:35,halidon,,wetland,HH43,70,0,0,TUTI,a,,1,1,
5/18/2022,2022,8:35,halidon,,wetland,HH43,70,0,0,WEVI,a,,1,1,
5/18/2022,2022,8:54,halidon,,wetland,HH31,76,0,0,EATO,a,,1,1,
5/18/2022,2022,8:54,halidon,,wetland,HH31,76,0,0,EAWP,a,1,,1,
5/18/2022,2022,8:54,halidon,,wetland,HH31,76,0,0,COYE,a,1,,1,
5/18/2022,2022,8:54,halidon,,wetland,HH31,76,0,0,PIWA,a,1,,1,
5/18/2022,2022,8:54,halidon,,wetland,HH31,76,0,0,BHNU,a,,1,1,
5/18/2022,2022,8:54,halidon,,wetland,HH31,76,0,0,NOMO,a,,1,1,
5/18/2022,2022,8:54,halidon,,wetland,HH31,76,0,0,INBU,a,,2,2,
5/18/2022,2022,8:54,halidon,,wetland,HH31,76,0,0,YBCH,a,,1,1,
5/18/2022,2022,7:55,halidon,1,upland,UP01,67,0,0,COYE,a,1,,1,
5/18/2022,2022,7:55,halidon,1,upland,UP01,67,0,0,BGGN,a,1,,1,
5/18/2022,2022,7:55,halidon,1,upland,UP01,67,0,0,CARW,a,1,,1,
5/18/2022,2022,7:55,halidon,1,upland,UP01,67,0,0,INBU,a,,1,1,
5/18/2022,2022,7:55,halidon,1,upland,UP01,67,0,0,NOMO,a,,1,1,
5/18/2022,2022,7:55,halidon,1,upland,UP01,67,0,0,EATO,a,,1,1,
5/18/2022,2022,8:12,halidon,1,wetland,HH33,74,0,0.8,NOCA,a,1,,1,
5/18/2022,2022,8:12,halidon,1,wetland,HH33,74,0,0.8,EAWP,a,,1,1,
5/18/2022,2022,8:12,halidon,1,wetland,HH33,74,0,0.8,CARW,a,1,,1,
5/18/2022,2022,8:12,halidon,1,wetland,HH33,74,0,0.8,PIWA,a,1,,1,
5/18/2022,2022,8:12,halidon,1,wetland,HH33,74,0,0.8,BGGN,a,1,,1,
5/18/2022,2022,8:12,halidon,1,wetland,HH33,74,0,0.8,DOWO,a,1,,1,
5/18/2022,2022,8:12,halidon,1,wetland,HH33,74,0,0.8,COYE,a,,1,1,
5/18/2022,2022,8:12,halidon,1,wetland,HH33,74,0,0.8,AMRO,a,1,,1,
5/18/2022,2022,8:12,halidon,1,wetland,HH33,74,0,0.8,RBWO,a,,1,1,
5/18/2022,2022,6:52,halidon,2,wetland,HH14,64,0,0,NOMO,a,1,,1,
5/18/2022,2022,6:52,halidon,2,wetland,HH14,64,0,0,RHWO,a,1,,1,
5/18/2022,2022,6:52,halidon,2,wetland,HH14,64,0,0,BGGN,a,1,1,2,
5/18/2022,2022,6:52,halidon,2,wetland,HH14,64,0,0,PIWA,a,,1,1,
5/18/2022,2022,6:52,halidon,2,wetland,HH14,64,0,0,BHNU,a,,1,1,
5/18/2022,2022,6:52,halidon,2,wetland,HH14,64,0,0,DOWO,a,1,,1,
5/18/2022,2022,7:03,halidon,2,wetland,UP02,63,0,0,BHNU,v,2,,2,
5/18/2022,2022,7:03,halidon,2,wetland,UP02,63,0,0,BHNU,a,,1,1,
5/18/2022,2022,7:03,halidon,2,wetland,UP02,63,0,0,COYE,a,,1,1,
5/18/2022,2022,7:03,halidon,2,wetland,UP02,63,0,0,PIWA,a,,1,1,
5/18/2022,2022,7:30,halidon,1,wetland,HH13,66,0,0,COYE,a,2,1,3,
5/18/2022,2022,7:30,halidon,1,wetland,HH13,66,0,0,EATO,a,1,1,2,
5/18/2022,2022,7:30,halidon,1,wetland,HH13,66,0,0,BGGN,a,2,,2,
5/18/2022,2022,7:30,halidon,1,wetland,HH13,66,0,0,RBWO,a,,1,1,
5/18/2022,2022,7:30,halidon,1,wetland,HH13,66,0,0,CARW,a,,1,1,
5/18/2022,2022,7:30,halidon,1,wetland,HH13,66,0,0,SUTA,v,2,,2,
5/18/2022,2022,7:30,halidon,1,wetland,HH13,66,0,0,CACH,v,1,,1,
5/18/2022,2022,7:41,halidon,1,wetland,HH34,65,0,0,NOCA,a,1,,1,
5/18/2022,2022,7:41,halidon,1,wetland,HH34,65,0,0,COYE,a,1,2,3,
5/18/2022,2022,7:41,halidon,1,wetland,HH34,65,0,0,NOMO,a,,1,1,
5/18/2022,2022,9:07,halidon,,wetland,HH30,87,0,1.2,COYE,a,2,,2,
5/18/2022,2022,9:07,halidon,,wetland,HH30,87,0,1.2,EATO,a,,1,1,
5/18/2022,2022,9:07,halidon,,wetland,HH30,87,0,1.2,INBU,a,,1,1,
5/18/2022,2022,9:07,halidon,,wetland,HH30,87,0,1.2,EAKI,v,,1,1,
5/19/2022,2022,8:05,halidon,3,wetland,HH48,82,0,1,EAWP,a,,1,1,
5/19/2022,2022,8:05,halidon,3,wetland,HH48,82,0,1,PIWA,v,1,,1,
5/19/2022,2022,8:05,halidon,3,wetland,HH48,82,0,1,PIWA,a,,1,1,
5/19/2022,2022,8:05,halidon,3,wetland,HH48,82,0,1,NOCA,a,,1,1,
5/19/2022,2022,8:05,halidon,3,wetland,HH48,82,0,1,NOCA,v,1,,1,
5/19/2022,2022,8:05,halidon,3,wetland,HH48,82,0,1,COYE,v,2,,2,
5/19/2022,2022,8:05,halidon,3,wetland,HH48,82,0,1,COYE,a,,1,1,
5/19/2022,2022,8:05,halidon,3,wetland,HH48,82,0,1,GCFL,v,1,,1,
5/19/2022,2022,8:05,halidon,3,wetland,HH48,82,0,1,BGGN,a,1,,1,
5/19/2022,2022,8:05,halidon,3,wetland,HH48,82,0,1,SUTA,v,1,,1,
5/19/2022,2022,8:05,halidon,3,wetland,HH48,82,0,1,YTVI,a,,1,1,
5/19/2022,2022,8:19,halidon,3,wetland,HH49,80,0,0.7,BGGN,a,1,,1,
5/19/2022,2022,8:19,halidon,3,wetland,HH49,80,0,0.7,BGGN,v,1,,1,
5/19/2022,2022,8:19,halidon,3,wetland,HH49,80,0,0.7,GCFL,v,1,,1,
5/19/2022,2022,8:19,halidon,3,wetland,HH49,80,0,0.7,NOCA,a,1,,1,
5/19/2022,2022,8:19,halidon,3,wetland,HH49,80,0,0.7,EAKI,a,1,,1,
5/19/2022,2022,8:19,halidon,,wetland,HH49,80,0,0.7,RBWO,a,1,,1,
5/19/2022,2022,8:19,halidon,,wetland,HH49,80,0,0.7,RBWO,v,1,,1,
5/19/2022,2022,8:19,halidon,,wetland,HH49,80,0,0.7,RHWO,v,,1,1,
5/19/2022,2022,7:11,halidon,,wetland,HH34r,77,0,0,BGGN,a,2,,2,
5/19/2022,2022,7:11,halidon,,wetland,HH34r,77,0,0,CACH,a,,1,1,
5/19/2022,2022,7:11,halidon,,wetland,HH34r,77,0,0,PIWA,a,,1,1,
5/19/2022,2022,7:11,halidon,,wetland,HH34r,77,0,0,COYE,a,,1,1,
5/19/2022,2022,7:11,halidon,,wetland,HH34r,77,0,0,INBU,a,1,,1,
5/19/2022,2022,7:32,halidon,,wetland,HH45,78,0,1.4,COYE,a,,2,2,
5/19/2022,2022,7:32,halidon,,wetland,HH45,78,0,1.4,COYE,v,,3,3,
5/19/2022,2022,7:32,halidon,,wetland,HH45,78,0,1.4,NOMO,v,1,,1,
5/19/2022,2022,7:32,halidon,,wetland,HH45,78,0,1.4,BGGN,a,1,,1,
5/19/2022,2022,7:48,halidon,,wetland,HH46,79,0,1,COYE,v,3,,3,
5/19/2022,2022,7:48,halidon,,wetland,HH46,79,0,1,COYE,a,,1,1,
5/19/2022,2022,7:48,halidon,,wetland,HH46,79,0,1,YBCH,a,1,,1,
5/19/2022,2022,8:32,halidon,3,wetland,HH50,79,0,1,DOWO,a,,1,1,
5/19/2022,2022,8:32,halidon,3,wetland,HH50,79,0,1,PIWA,a,,1,1,
5/19/2022,2022,8:32,halidon,3,wetland,HH50,79,0,1,CARW,a,,1,1,
5/19/2022,2022,8:45,halidon,3,upland,UP03,82,0,0.8,SUTA,a,,1,1,
5/19/2022,2022,8:45,halidon,3,upland,UP03,82,0,0.8,KILL,a,,1,1,
5/19/2022,2022,8:45,halidon,3,upland,UP03,82,0,0.8,PIWA,a,,1,1,
5/19/2022,2022,8:45,halidon,3,upland,UP03,82,0,0.8,BASP,a,,1,1,
5/17/2022,2022,8:52,halidon,2,wetland,HH17,79,0,0.7,BHNU,a,3,,3,
5/17/2022,2022,8:52,halidon,2,wetland,HH17,79,0,0.7,INBU,a,1,,1,
5/17/2022,2022,8:52,halidon,2,wetland,HH17,79,0,0.7,INBU,v,1,,1,
5/17/2022,2022,8:52,halidon,2,wetland,HH17,79,0,0.7,EATO,a,,1,1,
5/17/2022,2022,8:52,halidon,2,wetland,HH17,79,0,0.7,BGGN,a,2,,2,
5/17/2022,2022,8:52,halidon,2,wetland,HH17,79,0,0.7,AMRO,a,,1,1,
5/17/2022,2022,9:07,halidon,2,wetland,HH22,79,0,0,EAWP,a,1,,1,
5/17/2022,2022,9:07,halidon,2,wetland,HH22,79,0,0,RBWO,a,,1,1,
5/17/2022,2022,9:07,halidon,2,wetland,HH22,79,0,0,EATO,a,1,2,3,
5/17/2022,2022,9:07,halidon,2,wetland,HH22,79,0,0,CARW,a,,1,1,
5/17/2022,2022,9:07,halidon,2,wetland,HH22,79,0,0,SUTA,a,,1,1,
5/17/2022,2022,9:07,halidon,2,wetland,HH22,79,0,0,BGGN,a,1,,1,
5/17/2021,2022,8:15,halidon,,wetland,HH05,74,0,0,NOPA,a,,1,1,
5/17/2021,2022,8:15,halidon,,wetland,HH05,74,0,0,TUTI,a,2,1,3,
5/17/2021,2022,8:15,halidon,,wetland,HH05,74,0,0,NOCA,a,,1,1,
5/17/2021,2022,8:15,halidon,,wetland,HH05,74,0,0,EATO,a,,1,1,
5/17/2021,2022,8:15,halidon,,wetland,HH05,74,0,0,COYE,v,1,,1,
5/17/2021,2022,8:15,halidon,,wetland,HH05,74,0,0,CARW,v,1,,1,
5/17/2021,2022,8:15,halidon,,wetland,HH05,74,0,0,WEVI,a,1,,1,
5/17/2022,2022,8:32,halidon,4,wetland,HH07,73,0,1.5,CARW,a,,1,1,
5/17/2022,2022,8:32,halidon,4,wetland,HH07,73,0,1.5,COYE,a,,2,2,
5/17/2022,2022,8:32,halidon,4,wetland,HH07,73,0,1.5,GCFL,a,,1,1,
5/17/2022,2022,8:32,halidon,4,wetland,HH07,73,0,1.5,EATO,a,,1,1,
5/17/2022,2022,8:32,halidon,4,wetland,HH07,73,0,1.5,CACH,v,,1,1,
5/17/2022,2022,8:32,halidon,4,wetland,HH07,73,0,1.5,BGGN,a,1,,1,
5/17/2022,2022,7:29,halidon,4,wetland,HH04,74,0,0,GCFL,a,1,,1,
5/17/2022,2022,7:29,halidon,4,wetland,HH04,74,0,0,BGGN,v,1,,1,
5/17/2022,2022,7:29,halidon,4,wetland,HH04,74,0,0,BGGN,a,,1,1,
5/17/2022,2022,7:29,halidon,4,wetland,HH04,74,0,0,WBNU,v,2,,2,
5/17/2022,2022,7:29,halidon,4,wetland,HH04,74,0,0,SUTA,a,1,,1,
5/17/2022,2022,7:50,halidon,4,upland,UP04,75,0,1.4,COYE,a,,2,2,
5/17/2022,2022,7:50,halidon,4,upland,UP04,75,0,1.4,OROR,v,1,,1,
5/17/2022,2022,7:50,halidon,4,upland,UP04,75,0,1.4,OROR,a,,1,1,
5/17/2022,2022,7:50,halidon,4,upland,UP04,75,0,1.4,TUTI,a,1,,1,
5/17/2022,2022,6:56,halidon,4,wetland,HH02,73,0,0,RBWO,a,1,,1,
5/17/2022,2022,6:56,halidon,4,wetland,HH02,73,0,0,TUTI,a,2,,2,
5/17/2022,2022,6:56,halidon,4,wetland,HH02,73,0,0,TUTI,v,1,,1,
5/17/2022,2022,6:56,halidon,4,wetland,HH02,73,0,0,EATO,a,,1,1,
5/17/2022,2022,6:56,halidon,4,wetland,HH02,73,0,0,NOCA,a,,1,1,
5/17/2022,2022,6:56,halidon,4,wetland,HH02,73,0,0,YBCU,a,1,,1,
5/17/2022,2022,6:56,halidon,4,wetland,HH02,73,0,0,BGGN,a,1,,1,
5/17/2022,2022,6:56,halidon,4,wetland,HH02,73,0,0,CARW,a,,1,1,
5/17/2022,2022,7:14,halidon,,wetland,HH01,71,0,0,NOMO,a,,1,1,
5/17/2022,2022,7:14,halidon,,wetland,HH01,71,0,0,COYE,a,1,,1,
5/17/2022,2022,7:14,halidon,,wetland,HH01,71,0,0,CHSP,a,,2,2,
5/30/2022,2022,8:48,halidon,1,wetland,HH33,81,0,0,BGGN,v,2,,2,
5/30/2022,2022,8:48,halidon,1,wetland,HH33,81,0,0,NOCA,a,1,1,2,
5/30/2022,2022,8:48,halidon,1,wetland,HH33,81,0,0,NOCA,v,1,,1,
5/30/2022,2022,8:48,halidon,1,wetland,HH33,81,0,0,COYE,a,1,1,2,
5/30/2022,2022,8:48,halidon,1,wetland,HH33,81,0,0,CARW,v,1,,1,
5/30/2022,2022,8:48,halidon,1,wetland,HH33,81,0,0,YBCH,v,2,,2,
5/31/2022,2022,7:01,halidon,3,upland,UP03,69.2,0,0,BASP,a,1,1,2,
5/31/2022,2022,7:01,halidon,3,upland,UP03,69.2,0,0,BLGR,a,,1,1,
5/31/2022,2022,9:07,halidon,,wetland,HH30,81.4,0,1.1,COYE,a,2,,2,
5/31/2022,2022,9:07,halidon,,wetland,HH30,81.4,0,1.1,YBCH,a,1,,1,
5/31/2022,2022,9:07,halidon,,wetland,HH30,81.4,0,1.1,BHCO,a,,1,1,
5/31/2022,2022,7:19,halidon,,wetland,HH50,71.3,0,0,NOCA,a,1,,1,
5/31/2022,2022,7:19,halidon,,wetland,HH50,71.3,0,0,NOCA,v,1,,1,
5/31/2022,2022,7:19,halidon,3,wetland,HH50,71.3,0,0,BGGN,a,2,,2,
5/31/2022,2022,7:19,halidon,3,wetland,HH50,71.3,0,0,YTWA,a,,1,1,
5/31/2022,2022,7:19,halidon,3,wetland,HH50,71.3,0,0,CARW,v,2,,2,
5/31/2022,2022,7:19,halidon,3,wetland,HH50,71.3,0,0,BHNU,v,2,,2,
5/31/2022,2022,7:19,halidon,3,wetland,HH50,71.3,0,0,DOWO,a,1,,1,
5/31/2022,2022,7:19,halidon,3,wetland,HH50,71.3,0,0,SUTA,a,1,,1,
5/31/2022,2022,7:36,halidon,3,wetland,HH49,74.6,0,0,CACH,a,3,,3,
5/31/2022,2022,7:36,halidon,3,wetland,HH49,74.6,0,0,RHWO,v,2,,2,
5/31/2022,2022,7:36,halidon,3,wetland,HH49,74.6,0,0,YTWA,a,1,,1,
5/31/2022,2022,7:36,halidon,3,wetland,HH49,74.6,0,0,RBWO,a,,1,1,
5/31/2022,2022,7:36,halidon,3,wetland,HH49,74.6,0,0,EATO,a,,1,1,
5/31/2022,2022,7:36,halidon,3,wetland,HH49,74.6,0,0,OROR,v,1,,1,
5/31/2022,2022,7:53,halidon,3,wetland,HH48,75.9,0,0,COYE,v,2,,2,
5/31/2022,2022,7:53,halidon,3,wetland,HH48,75.9,0,0,COYE,a,,1,1,
5/31/2022,2022,7:53,halidon,3,wetland,HH48,75.9,0,0,NOCA,v,1,,1,
5/31/2022,2022,7:53,halidon,3,wetland,HH48,75.9,0,0,PIWA,a,,1,1,
5/31/2022,2022,7:53,halidon,3,wetland,HH48,75.9,0,0,CACH,a,,1,1,
5/31/2022,2022,7:53,halidon,3,wetland,HH48,75.9,0,0,RBWO,a,,1,1,
5/31/2022,2022,7:53,halidon,3,wetland,HH48,75.9,0,0,GCFL,a,1,,1,
5/31/2022,2022,8:11,halidon,,wetland,HH46,75.5,0,0,RHWO,v,1,,1,
5/31/2022,2022,8:11,halidon,,wetland,HH46,75.5,0,0,RBWO,v,2,,2,
5/31/2022,2022,8:11,halidon,,wetland,HH46,75.5,0,0,BGGN,a,1,,1,
5/31/2022,2022,8:11,halidon,,wetland,HH46,75.5,0,0,GCFL,a,,1,1,
5/31/2022,2022,8:11,halidon,,wetland,HH46,75.5,0,0,COYE,a,,1,1,
5/31/2022,2022,8:26,halidon,,wetland,HH45,86,0,0.7,COYE,a,,2,2,
5/31/2022,2022,8:26,halidon,,wetland,HH45,86,0,0.7,YBCH,a,,1,1,
5/31/2022,2022,8:26,halidon,,wetland,HH45,86,0,0.7,OROR,a,,1,1,
5/31/2022,2022,8:47,halidon,,wetland,HH43,77.9,0,0,BGGN,a,,2,2,
5/31/2022,2022,8:47,halidon,,wetland,HH43,77.9,0,0,NOPA,a,1,,1,
5/31/2022,2022,8:47,halidon,,wetland,HH43,77.9,0,0,COYE,a,,1,1,
5/31/2022,2022,8:47,halidon,,wetland,HH43,77.9,0,0,TUTI,a,,1,1,
6/7/22,2022,8:57,halidon,,wetland,HH31,80,0,0.6,EAWP,a,1,,1,
6/7/22,2022,8:57,halidon,,wetland,HH31,80,0,0.6,BHCO,a,,1,1,
6/7/22,2022,8:57,halidon,,wetland,HH31,80,0,0.6,PIWA,a,,1,1,
6/7/22,2022,8:57,halidon,,wetland,HH31,80,0,0.6,BHNU,a,,2,2,
6/7/22,2022,8:57,halidon,,wetland,HH31,80,0,0.6,COYE,v,,2,2,
6/7/22,2022,8:57,halidon,,wetland,HH31,80,0,0.6,OROR,v,1,,1,
6/7/22,2022,8:57,halidon,,wetland,HH31,80,0,0.6,EAKI,v,,1,1,
6/7/22,2022,8:34,halidon,,wetland,HH45,80,0,1.7,NOMO,v,2,1,3,
6/7/22,2022,8:34,halidon,,wetland,HH45,80,0,1.7,NOMO,a,,2,2,
6/7/22,2022,8:34,halidon,,wetland,HH45,80,0,1.7,YBCH,v,1,,1,
6/7/22,2022,8:34,halidon,,wetland,HH45,80,0,1.7,COYE,a,,1,1,
6/7/22,2022,8:34,halidon,,wetland,HH45,80,0,1.7,RTHA,v,,1,1,
6/7/22,2022,6:56,halidon,4,wetland,HH02,72,0,0,NOCA,a,2,,2,
6/7/22,2022,6:56,halidon,4,wetland,HH02,72,0,0,CARW,a,1,1,2,
6/7/22,2022,6:56,halidon,4,wetland,HH02,72,0,0,COYE,a,,1,1,
6/7/22,2022,6:56,halidon,4,wetland,HH02,72,0,0,BGGN,a,1,,1,
6/7/22,2022,6:56,halidon,4,wetland,HH02,72,0,0,BGGN,v,1,,1,
6/7/22,2022,6:56,halidon,4,wetland,HH02,72,0,0,YTVI,a,,1,1,
6/7/22,2022,7:21,halidon,3,upland,UP03,72.8,0,0,CARW,a,,1,1,
6/7/22,2022,7:21,halidon,3,upland,UP03,72.8,0,0,WBNU,v,,2,2,
6/7/22,2022,7:21,halidon,3,upland,UP03,72.8,0,0,REVI,a,,1,1,
6/7/22,2022,7:21,halidon,3,upland,UP03,72.8,0,0,BASP,a,,2,2,
6/7/22,2022,7:21,halidon,3,upland,UP03,72.8,0,0,NOCA,v,,1,1,
6/7/22,2022,7:21,halidon,3,upland,UP03,72.8,0,0,PIWA,v,,2,2,
6/7/22,2022,7:21,halidon,3,upland,UP03,72.8,0,0,RBWO,a,,1,1,
6/7/22,2022,7:35,halidon,3,wetland,HH50,73.5,0,0,NOCA,a,1,,1,
6/7/22,2022,7:35,halidon,3,wetland,HH50,73.5,0,0,YTWA,a,1,,1,
6/7/22,2022,7:35,halidon,3,wetland,HH50,73.5,0,0,BLGR,a,,1,1,
6/7/22,2022,7:35,halidon,3,wetland,HH50,73.5,0,0,PIWA,v,,2,2,
6/7/22,2022,7:35,halidon,3,wetland,HH50,73.5,0,0,GCFL,a,,1,1,
6/7/22,2022,7:35,halidon,3,wetland,HH50,73.5,0,0,BGGN,a,1,,1,
6/7/22,2022,7:47,halidon,3,wetland,HH49,71.2,0,0,BGGN,a,1,,1,
6/7/22,2022,7:47,halidon,3,wetland,HH49,71.2,0,0,GCFL,v,3,,3,
6/7/22,2022,7:47,halidon,3,wetland,HH49,71.2,0,0,INBU,a,,1,1,
6/7/22,2022,7:47,halidon,3,wetland,HH49,71.2,0,0,NOCA,a,,1,1,
6/7/22,2022,7:47,halidon,3,wetland,HH49,71.2,0,0,BASP,a,,1,1,
6/7/22,2022,8:02,halidon,3,wetland,HH48,75,2,0,BGGN,v,1,,1,
6/7/22,2022,8:02,halidon,3,wetland,HH48,75,2,0,COYE,a,1,,1,
6/7/22,2022,8:02,halidon,3,wetland,HH48,75,2,0,BRTH,a,,1,1,
6/7/22,2022,8:02,halidon,3,wetland,HH48,75,2,0,EAWP,a,,1,1,
6/7/22,2022,8:02,halidon,3,wetland,HH48,75,2,0,PIWA,v,,1,1,
6/7/22,2022,8:18,halidon,,wetland,HH46,80.5,0,1.3,COYE,a,1,1,2,
6/7/22,2022,8:18,halidon,,wetland,HH46,80.5,0,1.3,RBWO,a,2,1,3,
6/7/22,2022,8:18,halidon,,wetland,HH46,80.5,0,1.3,BGGN,a,1,,1,
6/7/22,2022,8:18,halidon,,wetland,HH46,80.5,0,1.3,YBCH,a,1,1,2,
6/13/22,2022,9:06,halidon,,wetland,HH13,85.7,0,0.6,COYE,a,,2,2,
6/13/22,2022,9:06,halidon,,wetland,HH13,85.7,0,0.6,BLGR,v,1,,1,
6/13/22,2022,9:06,halidon,,wetland,HH13,85.7,0,0.6,EATO,a,,1,1,
6/13/22,2022,9:06,halidon,,wetland,HH13,85.7,0,0.6,BGGN,a,2,,2,
6/13/22,2022,9:06,halidon,,wetland,HH13,85.7,0,0.6,NOCA,a,,1,1,
6/13/22,2022,9:06,halidon,,wetland,HH13,85.7,0,0.6,RBWO,a,,1,1,
6/13/22,2022,9:06,halidon,,wetland,HH13,85.7,0,0.6,YBCH,a,,1,1,
6/13/22,2022,8:50,halidon,,wetland,HH34r,85.2,0,0.7,GCFL,a,2,,2,
6/13/22,2022,8:50,halidon,,wetland,HH34r,85.2,0,0.7,COYE,a,2,1,3,
6/13/22,2022,8:50,halidon,,wetland,HH34r,85.2,0,0.7,BGGN,a,1,,1,
6/13/22,2022,8:50,halidon,,wetland,HH34r,85.2,0,0.7,INBU,a,,1,1,
6/13/22,2022,7:09,halidon,,wetland,HH30,78.5,0,0,COYE,a,1,1,2,
6/13/22,2022,7:09,halidon,,wetland,HH30,78.5,0,0,DOWO,a,,1,1,
6/13/22,2022,6:56,halidon,,wetland,HH31,76.9,0,0,YBCH,a,,1,1,
6/13/22,2022,6:56,halidon,,wetland,HH31,76.9,0,0,COYE,a,,1,1,
6/13/22,2022,6:56,halidon,,wetland,HH31,76.9,0,0,EAKI,v,,2,2,
6/13/22,2022,6:56,halidon,,wetland,HH31,76.9,0,0,BLGR,a,,1,1,
6/13/22,2022,6:56,halidon,,wetland,HH31,76.9,0,0,EATO,a,,1,1,
6/13/22,2022,7:35,halidon,,wetland,HH43,78.4,0,0,COYE,a,,1,1,
6/13/22,2022,7:35,halidon,,wetland,HH43,78.4,0,0,CARW,a,,2,2,
6/13/22,2022,7:35,halidon,,wetland,HH43,78.4,0,0,SUTA,a,,1,1,
6/13/22,2022,8:00,halidon,,wetland,HH33,80.2,0,0,EAWP,a,,1,1,
6/13/22,2022,8:00,halidon,,wetland,HH33,80.2,0,0,INBU,a,,1,1,
6/13/22,2022,8:00,halidon,,wetland,HH33,80.2,0,0,COYE,a,1,,1,
6/13/22,2022,8:00,halidon,,wetland,HH33,80.2,0,0,NOMO,a,,1,1,
6/13/22,2022,8:00,halidon,,wetland,HH33,80.2,0,0,BLGR,a,,1,1,
6/13/22,2022,8:00,halidon,,wetland,HH33,80.2,0,0,RBWO,a,1,,1,
6/13/22,2022,8:22,halidon,,wetland,HH34r,82.8,0,1,COYE,a,1,2,3,
6/13/22,2022,8:22,halidon,,wetland,HH34r,82.8,0,1,BGGN,a,1,,1,
6/13/22,2022,8:22,halidon,,wetland,HH34r,82.8,0,1,BGGN,v,1,,1,
6/13/22,2022,8:22,halidon,,wetland,HH34r,82.8,0,1,EATO,a,,2,2,
6/13/22,2022,8:22,halidon,,wetland,HH34r,82.8,0,1,DOWO,a,1,,1,
6/13/22,2022,8:22,halidon,,wetland,HH34r,82.8,0,1,RBWO,a,,1,1,
6/13/22,2022,8:22,halidon,,wetland,HH34r,82.8,0,1,RBWO,v,1,,1,
6/13/22,2022,8:22,halidon,,wetland,HH34r,82.8,0,1,YBCH,a,1,,1,
6/13/22,2022,8:34,halidon,,wetland,UP01,85.3,0,1.1,COYE,a,,1,1,
6/13/22,2022,8:34,halidon,,wetland,UP01,85.3,0,1.1,EATO,a,1,1,2,
6/13/22,2022,8:34,halidon,,wetland,UP01,85.3,0,1.1,GCFL,a,,1,1,
6/14/22,2022,8:32,halidon,,wetland,HH17,87,0,0.7,COYE,a,1,,1,
6/14/22,2022,8:32,halidon,,wetland,HH17,87,0,0.7,WBNU,a,1,,1,
6/14/22,2022,8:32,halidon,,wetland,HH17,87,0,0.7,COGR,v,,1,1,
6/14/22,2022,8:32,halidon,,wetland,HH17,87,0,0.7,BGGN,a,1,,1,
6/14/22,2022,8:32,halidon,,wetland,HH17,87,0,0.7,EATO,a,,1,1,
6/14/22,2022,8:32,halidon,,wetland,HH17,87,0,0.7,DOWO,a,,1,1,
6/14/22,2022,8:32,halidon,,wetland,HH17,87,0,0.7,BHCO,a,,1,1,
6/14/22,2022,8:32,halidon,,wetland,HH17,87,0,0.7,EAWP,a,,1,1,
6/14/22,2022,8:44,halidon,,wetland,HH22,85.7,0,1.1,COYE,a,2,,2,
6/14/22,2022,8:44,halidon,,wetland,HH22,85.7,0,1.1,BASP,a,,1,1,
6/14/22,2022,8:44,halidon,,wetland,HH22,85.7,0,1.1,PIWA,a,,1,1,
6/14/22,2022,8:44,halidon,,wetland,HH22,85.7,0,1.1,BGGN,a,2,,2,
6/14/22,2022,6:36,halidon,,wetland,HH02,78.4,0,0,CARW,v,,1,1,
6/14/22,2022,6:36,halidon,,wetland,HH02,78.4,0,0,NOCA,a,1,,1,
6/14/22,2022,6:36,halidon,,wetland,HH02,78.4,0,0,NOCA,v,1,,1,
6/14/22,2022,6:36,halidon,,wetland,HH02,78.4,0,0,COYE,a,1,,1,
6/14/22,2022,6:36,halidon,,wetland,HH02,78.4,0,0,EATO,a,,1,1,
6/14/22,2022,6:36,halidon,,wetland,HH02,78.4,0,0,YTVI,a,,1,1,
6/14/22,2022,6:50,halidon,,wetland,HH01,78.6,0,0.7,BLGR,a,1,,1,
6/14/22,2022,6:50,halidon,,wetland,HH01,78.6,0,0.7,COYE,a,1,1,2,
6/14/22,2022,6:50,halidon,,wetland,HH01,78.6,0,0.7,NOMO,v,2,,2,
6/14/22,2022,7:03,halidon,,wetland,HH04,81.3,0,0,BGGN,a,2,,2,
6/14/22,2022,7:03,halidon,,wetland,HH04,81.3,0,0,COYE,a,1,1,2,
6/14/22,2022,7:03,halidon,,wetland,HH04,81.3,0,0,CARW,a,1,,1,
6/14/22,2022,7:15,halidon,,upland,UP04,83.7,0,1.4,EAKI,v,,1,1,
6/14/22,2022,7:15,halidon,,upland,UP04,83.7,0,1.4,BHNU,a,1,,1,
6/14/22,2022,7:15,halidon,,upland,UP04,83.7,0,1.4,BHNU,v,1,,1,
6/14/22,2022,7:15,halidon,,upland,UP04,83.7,0,1.4,BLGR,a,1,,1,
6/14/22,2022,7:15,halidon,,upland,UP04,83.7,0,1.4,NOMO,a,,1,1,
6/14/22,2022,7:31,halidon,,wetland,HH05,84.4,0,0.7,COYE,a,2,1,3,
6/14/22,2022,7:31,halidon,,wetland,HH05,84.4,0,0.7,EAWP,a,,1,1,
6/14/22,2022,7:31,halidon,,wetland,HH05,84.4,0,0.7,NOMO,a,,1,1,
6/14/22,2022,7:31,halidon,,wetland,HH05,84.4,0,0.7,BASP,v,,1,1,
6/14/22,2022,7:31,halidon,,wetland,HH05,84.4,0,0.7,GCFL,a,,1,1,
6/14/22,2022,7:47,halidon,,wetland,HH07,84.7,0,0,REVI,a,,1,1,
6/14/22,2022,7:47,halidon,,wetland,HH07,84.7,0,0,COYE,a,,2,2,
6/14/22,2022,7:47,halidon,,wetland,HH07,84.7,0,0,EATO,a,,1,1,
6/14/22,2022,7:47,halidon,,wetland,HH07,84.7,0,0,GCFL,a,2,,2,
6/14/22,2022,7:47,halidon,,wetland,HH07,84.7,0,0,EABL,a,,1,1,
6/14/22,2022,8:03,halidon,,upland,UP02,83.8,0,1,BHNU,a,,1,1,
6/14/22,2022,8:03,halidon,,upland,UP02,83.8,0,1,PIWA,a,,2,2,
6/14/22,2022,8:03,halidon,,upland,UP02,83.8,0,1,PIWA,v,1,,1,
6/14/22,2022,8:03,halidon,,upland,UP02,83.8,0,1,RBWO,a,,1,1,
6/14/22,2022,8:03,halidon,,upland,UP02,83.8,0,1,EATO,a,,1,1,
6/14/22,2022,8:03,halidon,,upland,UP02,83.8,0,1,BASP,a,,1,1,
6/14/22,2022,8:13,halidon,,wetland,HH14,85.4,0,1.5,PIWA,a,,1,,
6/14/22,2022,8:13,halidon,,wetland,HH14,85.4,0,1.5,COYE,a,1,,,
6/14/22,2022,8:13,halidon,,wetland,HH14,85.4,0,1.5,NOMO,a,1,,,
6/14/22,2022,8:13,halidon,,wetland,HH14,85.4,0,1.5,BGGN,a,1,,,
6/14/22,2022,8:13,halidon,,wetland,HH14,85.4,0,1.5,RBWO,a,1,,,
6/14/22,2022,8:13,halidon,,wetland,HH14,85.4,0,1.5,DOWO,a,,1,,
6/14/22,2022,8:13,halidon,,wetland,HH14,85.4,0,1.5,BRTH,a,1,,,
5/16/2022,2022,6:50,stono,5,wetland,SP03,70,0,0,BGGN,a,2,,2,
5/16/2022,2022,6:50,stono,5,wetland,SP03,70,0,0,CACH,a,1,,1,
5/16/2022,2022,6:50,stono,5,wetland,SP03,70,0,0,CACH,v,4,,4,
5/16/2022,2022,6:50,stono,5,wetland,SP03,70,0,0,GCFL,a,,1,1,
5/16/2022,2022,6:50,stono,5,wetland,SP03,70,0,0,NOPA,a,,1,1,
5/16/2022,2022,6:50,stono,5,wetland,SP03,70,0,0,NOCA,a,,1,1,
5/16/2022,2022,6:50,stono,5,wetland,SP03,70,0,0,RBWO,a,,1,1,
5/16/2022,2022,6:50,stono,5,wetland,SP03,70,0,0,WEVI,a,,1,1,
5/16/2022,2022,6:50,stono,5,wetland,SP03,70,0,0,EABL,a,1,,1,
5/16/2022,2022,,stono,5,wetland,SP08,70,0,0,CARW,a,,1,1,
5/16/2022,2022,,stono,5,wetland,SP08,70,0,0,NOPA,a,1,,1,
5/16/2022,2022,,stono,5,wetland,SP08,70,0,0,WEVI,a,,1,1,
5/16/2022,2022,,stono,5,wetland,SP08,70,0,0,WBNU,a,,1,1,
5/16/2022,2022,,stono,5,wetland,SP08,70,0,0,BGGN,a,2,,2,
5/16/2022,2022,,stono,5,wetland,SP08,70,0,0,RBWO,a,,1,1,
5/16/2022,2022,,stono,5,wetland,SP08,70,0,0,PIWO,a,,1,1,
5/16/2022,2022,,stono,5,wetland,SP02,71,0,0,DOWO,v,1,,1,
5/16/2022,2022,,stono,5,wetland,SP02,71,0,0,BGGN,a,2,,2,
5/16/2022,2022,,stono,5,wetland,SP02,71,0,0,EABL,a,,2,2,
5/16/2022,2022,,stono,5,wetland,SP02,71,0,0,WEVI,a,,1,1,
5/16/2022,2022,,stono,5,wetland,SP02,71,0,0,INBU,v,1,,1,
5/16/2022,2022,,stono,5,wetland,SP02,71,0,0,INBU,a,,1,1,
5/16/2022,2022,,stono,5,upland,UP05,72,0,0,CACH,a,1,,1,
5/16/2022,2022,,stono,5,upland,UP05,72,0,0,EATO,a,,1,1,
5/16/2022,2022,,stono,5,upland,UP05,72,0,0,NOPA,a,,1,1,
5/16/2022,2022,,stono,5,upland,UP05,72,0,0,PIWA,a,1,,1,
5/16/2022,2022,,stono,5,upland,UP05,72,0,0,INBU,a,,1,1,
5/16/2022,2022,,stono,5,upland,UP05,72,0,0,NOCA,v,1,,1,
5/16/2022,2022,,stono,5,upland,UP05,72,0,0,TUTI,v,2,,2,
5/16/2022,2022,,stono,5,upland,UP05,72,0,0,WEVI,a,,1,1,
5/16/2022,2022,,stono,6,wetland,SP09,74,0,0,WODU,v,,5,5,
5/16/2022,2022,,stono,6,wetland,SP09,74,0,0,GCFL,a,2,,2,
5/16/2022,2022,,stono,6,wetland,SP09,74,0,0,WEVI,a,1,,1,
5/16/2022,2022,,stono,6,wetland,SP09,74,0,0,NOPA,a,1,,1,
5/16/2022,2022,,stono,6,wetland,SP09,74,0,0,BGGN,a,2,,2,
5/16/2022,2022,,stono,6,wetland,SP09,74,0,0,RBWO,a,1,1,2,
5/16/2022,2022,,stono,6,wetland,SP09,74,0,0,TUTI,a,1,,1,
5/16/2022,2022,,stono,6,wetland,SP01,76,0,0,WEVI,a,1,,1,
5/16/2022,2022,,stono,6,wetland,SP01,76,0,0,DOWO,v,2,,2,
5/16/2022,2022,,stono,6,wetland,SP01,76,0,0,WBNU,a,1,,1,
5/16/2022,2022,,stono,6,wetland,SP01,76,0,0,BGGN,a,2,,2,
5/16/2022,2022,,stono,6,wetland,SP01,76,0,0,GCFL,a,,2,2,
5/16/2022,2022,,stono,6,wetland,SP01,76,0,0,NOPA,a,,1,1,
5/16/2022,2022,,stono,6,wetland,SP01,76,0,0,TUTI,a,,1,1,
5/16/2022,2022,,stono,6,wetland,SP01,76,0,0,NOCA,a,,1,1,
5/16/2022,2022,,stono,6,wetland,SP07,77,0,0,TUTI,a,2,1,3,
5/16/2022,2022,,stono,6,wetland,SP07,77,0,0,WEVI,a,2,,2,
5/16/2022,2022,,stono,6,wetland,SP07,77,0,0,NOCA,a,,1,1,
5/16/2022,2022,,stono,6,wetland,SP07,77,0,0,NOPA,a,1,,1,
5/16/2022,2022,,stono,6,upland,UP06,79,0,0,MIKI,v,1,,1,
5/16/2022,2022,,stono,6,upland,UP06,79,0,0,CARW,a,,2,2,
5/16/2022,2022,,stono,6,upland,UP06,79,0,0,TUTI,a,,2,2,
5/16/2022,2022,,stono,6,upland,UP06,79,0,0,AMRO,a,,2,2,
5/16/2022,2022,,stono,6,upland,UP06,79,0,0,BLGR,a,1,,1,
5/28/2022,2022,7:57,stono,,wetland,SP11,76,0,0,NOPA,a,1,,1,
5/28/2022,2022,7:57,stono,,wetland,SP11,76,0,0,WEVI,a,1,,1,
5/28/2022,2022,7:57,stono,,wetland,SP11,76,0,0,NOCA,a,,2,2,
5/28/2022,2022,7:57,stono,,wetland,SP11,76,0,0,RBWO,a,1,,1,
5/28/2022,2022,7:57,stono,,wetland,SP11,76,0,0,WBNU,a,2,,2,
5/28/2022,2022,7:57,stono,,wetland,SP11,76,0,0,PIWA,a,,1,1,
5/28/2022,2022,7:57,stono,,wetland,SP11,76,0,0,CACH,a,1,,1,
5/28/2022,2022,7:57,stono,,wetland,SP11,76,0,0,EATO,a,,1,1,
5/28/2022,2022,7:57,stono,,wetland,SP11,76,0,0,TUTI,a,,1,1,
5/28/2022,2022,7:57,stono,,wetland,SP11,76,0,0,GCFL,a,,1,1,
5/28/2022,2022,7:57,stono,,wetland,SP11,76,0,0,BGGN,a,1,,1,
5/28/2022,2022,7:28,stono,5,wetland,SP08,71,0,1.2,BGGN,a,2,,2,
5/28/2022,2022,7:28,stono,5,wetland,SP08,71,0,1.2,NOCA,a,1,,1,
5/28/2022,2022,7:28,stono,5,wetland,SP08,71,0,1.2,NOPA,a,1,1,2,
5/28/2022,2022,7:28,stono,5,wetland,SP08,71,0,1.2,WEVI,a,,1,1,
5/28/2022,2022,7:28,stono,5,wetland,SP08,71,0,1.2,CARW,a,1,,1,
5/28/2022,2022,7:40,stono,,wetland,SP03,71,0,0,BHCO,a,1,1,2,
5/28/2022,2022,7:40,stono,,wetland,SP03,71,0,0,BHCO,v,1,,1,
5/28/2022,2022,7:40,stono,,wetland,SP03,71,0,0,NOCA,a,2,,2,
5/28/2022,2022,7:40,stono,,wetland,SP03,71,0,0,EATO,a,1,,1,
5/28/2022,2022,7:40,stono,,wetland,SP03,71,0,0,INBU,a,,1,1,
5/28/2022,2022,7:40,stono,,wetland,SP03,71,0,0,CARW,a,,1,1,
5/28/2022,2022,7:40,stono,,wetland,SP03,71,0,0,WEVI,a,1,,1,
5/28/2022,2022,6:59,stono,5,wetland,SP02,71,0,0,BHCO,v,1,,1,
5/28/2022,2022,6:59,stono,5,wetland,SP02,71,0,0,PIWA,v,,3,3,
5/28/2022,2022,6:59,stono,5,wetland,SP02,71,0,0,YTWA,v,,1,1,
5/28/2022,2022,6:59,stono,5,wetland,SP02,71,0,0,GCFL,v,1,,1,
5/28/2022,2022,6:59,stono,5,wetland,SP02,71,0,0,NOCA,v,1,,1,
5/28/2022,2022,6:59,stono,5,wetland,SP02,71,0,0,AMRO,a,1,,1,
5/28/2022,2022,6:59,stono,5,wetland,SP02,71,0,0,BGGN,a,1,,1,
5/28/2022,2022,6:59,stono,5,wetland,SP02,71,0,0,INBU,a,,2,2,
5/28/2022,2022,7:11,stono,5,upland,UP05,72,0,0,NOCA,a,,1,1,
5/28/2022,2022,7:11,stono,5,upland,UP05,72,0,0,TUTI,a,3,,3,
5/28/2022,2022,7:11,stono,5,upland,UP05,72,0,0,WEVI,a,1,,1,
5/28/2022,2022,7:11,stono,5,upland,UP05,72,0,0,BHCO,v,2,,2,
5/24/2022,2022,8:26,stono,,wetland,SP13,79,0,0.7,REVI,a,,1,1,
5/24/2022,2022,8:26,stono,,wetland,SP13,79,0,0.7,CARW,a,,1,1,
5/24/2022,2022,8:26,stono,,wetland,SP13,79,0,0.7,WEVI,a,,2,2,
5/24/2022,2022,8:26,stono,,wetland,SP13,79,0,0.7,DOWO,a,,1,1,
5/24/2022,2022,8:26,stono,,wetland,SP13,79,0,0.7,NOCA,a,1,,1,
5/24/2022,2022,8:26,stono,,wetland,SP13,79,0,0.7,NOPA,a,,1,1,
5/24/2022,2022,8:26,stono,,wetland,SP13,79,0,0.7,CACH,a,1,1,2,
5/24/2022,2022,8:59,stono,6,wetland,SP05,79,0,0.6,ACFL,a,,1,1,
5/24/2022,2022,8:59,stono,6,wetland,SP05,79,0,0.6,WEVI,a,,1,1,
5/24/2022,2022,8:59,stono,6,wetland,SP05,79,0,0.6,CARW,a,,1,1,
5/24/2022,2022,8:59,stono,6,wetland,SP05,79,0,0.6,NOCA,a,2,,2,
5/24/2022,2022,8:59,stono,6,wetland,SP05,79,0,0.6,BGGN,v,1,,1,
5/24/2022,2022,8:59,stono,6,wetland,SP05,79,0,0.6,BLJA,a,,1,1,
5/24/2022,2022,8:59,stono,6,wetland,SP05,79,0,0.6,NOPA,a,1,,1,
5/24/2022,2022,7:02,stono,,wetland,SP11,75,0,0,PIWA,a,,2,2,
5/24/2022,2022,7:02,stono,,wetland,SP11,75,0,0,NOPA,a,1,,1,
5/24/2022,2022,7:02,stono,,wetland,SP11,75,0,0,TUTI,a,,1,1,
5/24/2022,2022,7:02,stono,,wetland,SP11,75,0,0,WEVI,a,1,,1,
5/24/2022,2022,7:02,stono,,wetland,SP11,75,0,0,CARW,a,,3,3,
5/24/2022,2022,7:02,stono,,wetland,SP11,75,0,0,NOCA,a,2,,2,
5/24/2022,2022,7:02,stono,,wetland,SP11,75,0,0,RBWO,a,1,,1,
5/24/2022,2022,8:06,stono,,wetland,SP12,79,0,1.6,EATO,a,,1,1,
5/24/2022,2022,8:06,stono,,wetland,SP12,79,0,1.6,INBU,a,1,1,2,
5/24/2022,2022,8:06,stono,,wetland,SP12,79,0,1.6,NOPA,a,,1,1,
5/24/2022,2022,8:06,stono,,wetland,SP12,79,0,1.6,TUTI,a,,1,1,
5/24/2022,2022,8:06,stono,,wetland,SP12,79,0,1.6,RHWO,v,1,,1,
5/24/2022,2022,8:06,stono,,wetland,SP12,79,0,1.6,NOCA,a,,1,1,
5/24/2022,2022,8:06,stono,,wetland,SP12,79,0,1.6,BLGR,a,,2,2,
6/3/2022,2022,8:01,stono,5,wetland,SP03,79.4,0,0.6,BGGN,a,1,,1,
6/3/2022,2022,8:01,stono,5,wetland,SP03,79.4,0,0.6,WEVI,a,,1,1,
6/3/2022,2022,8:01,stono,5,wetland,SP03,79.4,0,0.6,INBU,a,,2,2,
6/3/2022,2022,8:01,stono,5,wetland,SP03,79.4,0,0.6,BHCO,a,1,,1,
6/3/2022,2022,8:01,stono,5,wetland,SP03,79.4,0,0.6,CARW,a,1,,1,
6/3/2022,2022,8:01,stono,5,wetland,SP03,79.4,0,0.6,NOPA,a,,1,1,
6/3/2022,2022,8:01,stono,5,wetland,SP03,79.4,0,0.6,GCFL,a,,1,1,
6/3/2022,2022,8:16,stono,5,upland,UP05,81.5,0,0.6,WEVI,a,,1,1,
6/3/2022,2022,8:16,stono,5,upland,UP05,81.5,0,0.6,TUTI,a,1,,1,
6/3/2022,2022,8:16,stono,5,upland,UP05,81.5,0,0.6,INBU,a,,2,2,
6/1/2022,2022,8:55,stono,6,wetland,SP05,78.8,0,0,NOPA,a,1,,1,
6/1/2022,2022,8:55,stono,6,wetland,SP05,78.8,0,0,WEVI,a,,2,2,
6/1/2022,2022,8:55,stono,6,wetland,SP05,78.8,0,0,BGGN,a,2,,2,
6/1/2022,2022,8:55,stono,6,wetland,SP05,78.8,0,0,CACH,a,,2,2,
6/1/2022,2022,8:55,stono,6,wetland,SP05,78.8,0,0,OVEN,a,,1,1,
6/1/2022,2022,8:55,stono,6,wetland,SP05,78.8,0,0,PIWA,a,,1,1,
6/3/2022,2022,7:02,stono,6,wetland,SP09,76.8,0,0,WEVI,a,,1,1,
6/3/2022,2022,7:02,stono,6,wetland,SP09,76.8,0,0,CARW,a,,1,1,
6/3/2022,2022,7:02,stono,6,wetland,SP09,76.8,0,0,BGGN,a,1,,1,
6/3/2022,2022,7:02,stono,6,wetland,SP09,76.8,0,0,TUTI,a,,1,1,
6/3/2022,2022,7:02,stono,6,wetland,SP09,76.8,0,0,CACH,a,1,,1,
6/3/2022,2022,7:02,stono,6,wetland,SP09,76.8,0,0,NOPA,a,1,,1,
6/1/2022,2022,7:41,stono,6,wetland,SP01,73.8,0,0,BGGN,a,3,,3,
6/1/2022,2022,7:41,stono,6,wetland,SP01,73.8,0,0,NOPA,a,1,,1,
6/1/2022,2022,7:41,stono,6,wetland,SP01,73.8,0,0,WEVI,v,1,,1,
6/1/2022,2022,7:41,stono,6,wetland,SP01,73.8,0,0,INBU,a,,1,1,
6/1/2022,2022,8:24,stono,,wetland,SP16,74.7,0,0,CARW,a,,2,2,
6/1/2022,2022,8:24,stono,,wetland,SP16,74.7,0,0,WEVI,a,,1,1,
6/1/2022,2022,7:10,stono,6,wetland,SP07,70.1,0,0,CARW,a,,1,1,
6/1/2022,2022,7:10,stono,6,wetland,SP07,70.1,0,0,BGGN,a,3,,3,
6/1/2022,2022,7:10,stono,6,wetland,SP07,70.1,0,0,WEVI,a,,1,1,
6/1/2022,2022,7:10,stono,6,wetland,SP07,70.1,0,0,TUTI,a,,1,1,
6/1/2022,2022,7:10,stono,6,wetland,SP07,70.1,0,0,NOCA,a,1,,1,
6/1/2022,2022,7:26,stono,6,wetland,UP06,70.9,0,0,NOCA,v,,1,1,
6/1/2022,2022,7:26,stono,6,wetland,UP06,70.9,0,0,BHCO,a,1,,1,
6/1/2022,2022,7:26,stono,6,wetland,UP06,70.9,0,0,INBU,a,,2,2,
6/1/2022,2022,7:26,stono,6,wetland,UP06,70.9,0,0,BGGN,a,2,,2,
6/1/2022,2022,7:26,stono,6,wetland,UP06,70.9,0,0,CARW,a,,1,1,
6/1/2022,2022,7:26,stono,6,wetland,UP06,70.9,0,0,PIWO,v,,1,1,
6/1/2022,2022,7:26,stono,6,wetland,UP06,70.9,0,0,EATO,a,,1,1,
6/3/2022,2022,7:21,stono,,wetland,SP12,78.8,0,0.9,NOCA,a,1,,1,
6/3/2022,2022,7:35,stono,,wetland,SP13,79.2,0,0.7,NOPA,a,1,,1,
6/3/2022,2022,7:35,stono,,wetland,SP13,79.2,0,0.7,REVI,a,,1,1,
6/3/2022,2022,7:35,stono,,wetland,SP13,79.2,0,0.7,WEVI,a,1,,1,
6/3/2022,2022,7:35,stono,,wetland,SP13,79.2,0,0.7,TUTI,a,2,,2,
6/3/2022,2022,7:35,stono,,wetland,SP13,79.2,0,0.7,YBCU,a,,1,1,
6/3/2022,2022,7:35,stono,,wetland,SP13,79.2,0,0.7,CACH,a,1,,1,
6/8/2022,2022,8:33,stono,,wetland,SP16,78.1,0,0,RBWO,a,1,,1,
6/8/2022,2022,8:33,stono,,wetland,SP16,78.1,0,0,NOPA,a,1,,1,
6/8/2022,2022,8:33,stono,,wetland,SP16,78.1,0,0,CARW,a,1,1,2,
6/8/2022,2022,8:33,stono,,wetland,SP16,78.1,0,0,CARW,v,1,,1,
6/8/2022,2022,8:33,stono,,wetland,SP16,78.1,0,0,WEVI,a,,1,1,
6/8/2022,2022,8:33,stono,6,wetland,SP16,78.1,0,0,NOCA,a,,1,1,
6/8/2022,2022,8:56,stono,6,wetland,SP09,84,0,36,GREG,v,1,,1,
6/8/2022,2022,8:56,stono,6,wetland,SP09,84,0,36,GRHE,v,1,,1,
6/8/2022,2022,8:56,stono,6,wetland,SP09,84,0,36,WEVI,a,1,,1,
6/8/2022,2022,8:56,stono,6,wetland,SP09,84,0,36,NOPA,a,,1,1,
6/8/2022,2022,8:56,stono,6,wetland,SP09,84,0,36,INBU,a,,1,1,
6/8/2022,2022,8:56,stono,6,wetland,SP09,84,0,36,BGGN,a,,1,1,
6/8/2022,2022,7:50,stono,6,upland,UP06,80.6,0,0,INBU,a,,1,1,
6/8/2022,2022,7:50,stono,6,upland,UP06,80.6,0,0,BGGN,a,,2,2,
6/8/2022,2022,7:50,stono,6,upland,UP06,80.6,0,0,TUTI,a,,1,1,
6/8/2022,2022,7:50,stono,6,upland,UP06,80.6,0,0,WEVI,a,,1,1,
6/8/2022,2022,7:50,stono,6,upland,UP06,80.6,0,0,CARW,a,,1,1,
6/8/2022,2022,7:50,stono,6,upland,UP06,80.6,0,0,CACH,a,2,,2,
6/8/2022,2022,8:02,stono,6,wetland,SP07,76.5,0,0,REVI,a,,1,1,
6/8/2022,2022,8:02,stono,6,wetland,SP07,76.5,0,0,RBWO,a,1,,1,
6/8/2022,2022,8:02,stono,6,wetland,SP07,76.5,0,0,BHCO,a,,1,1,
6/8/2022,2022,8:02,stono,6,wetland,SP07,76.5,0,0,WEVI,a,,1,1,
6/8/2022,2022,8:02,stono,6,wetland,SP07,76.5,0,0,CARW,a,,1,1,
6/8/2022,2022,8:02,stono,6,wetland,SP07,76.5,0,0,BGGN,a,2,,2,
6/8/2022,2022,6:54,stono,5,wetland,SP02,74.6,0,0,TUTI,a,2,,2,
6/8/2022,2022,6:54,stono,5,wetland,SP02,74.6,0,0,WEVI,a,1,,1,
6/8/2022,2022,6:54,stono,5,wetland,SP02,74.6,0,0,CACH,a,1,,1,
6/8/2022,2022,6:54,stono,5,wetland,SP02,74.6,0,0,COYE,v,1,,1,FY
6/8/2022,2022,6:54,stono,5,wetland,SP02,74.6,0,0,BHCO,v,1,,1,fledgling fed by COYE
6/8/2022,2022,6:54,stono,5,wetland,SP02,74.6,0,0,BGGN,v,1,,1,
6/8/2022,2022,7:09,stono,5,wetland,SP08,75.6,0,0,RBWO,a,,1,1,
6/8/2022,2022,7:09,stono,5,wetland,SP08,75.6,0,0,NOPA,a,1,,1,
6/8/2022,2022,7:09,stono,5,wetland,SP08,75.6,0,0,TUTI,a,1,1,2,
6/8/2022,2022,7:09,stono,5,wetland,SP08,75.6,0,0,MIKI,v,1,,1,
6/8/2022,2022,7:09,stono,5,wetland,SP08,75.6,0,0,INBU,a,,1,1,
6/8/2022,2022,7:09,stono,5,wetland,SP08,75.6,0,0,EATO,a,,1,1,
6/8/2022,2022,7:09,stono,5,wetland,SP08,75.6,0,0,BGGN,a,1,,1,
6/8/2022,2022,7:09,stono,5,wetland,SP08,75.6,0,0,NOCA,a,,1,1,
6/8/2022,2022,7:22,stono,5,wetland,SP03,79.7,0,0,NOCA,a,1,,1,
6/8/2022,2022,7:22,stono,5,wetland,SP03,79.7,0,0,DOWO,a,1,,1,
6/8/2022,2022,7:22,stono,5,wetland,SP03,79.7,0,0,RBWO,a,,1,1,
6/8/2022,2022,7:22,stono,5,wetland,SP03,79.7,0,0,CARW,a,,1,1,
6/8/2022,2022,7:22,stono,5,wetland,SP03,79.7,0,0,INBU,a,,1,1,
6/8/2022,2022,7:22,stono,5,wetland,SP03,79.7,0,0,EATO,a,,1,1,
6/8/2022,2022,7:40,stono,6,wetland,SP01,79.4,0,0,BGGN,a,1,,1,
6/8/2022,2022,7:40,stono,6,wetland,SP01,79.4,0,0,BGNN,v,1,,1,
6/8/2022,2022,7:40,stono,6,wetland,SP01,79.4,0,0,NOCA,a,1,,1,
6/8/2022,2022,7:40,stono,6,wetland,SP01,79.4,0,0,TUTI,a,,1,1,
6/8/2022,2022,7:40,stono,6,wetland,SP01,79.4,0,0,CARW,a,1,,1,
6/8/2022,2022,7:40,stono,6,wetland,SP01,79.4,0,0,INBU,a,,1,1,
6/8/2022,2022,7:40,stono,6,wetland,SP01,79.4,0,0,BLGR,v,2,,2,
6/10/2022,2022,9:00,stono,,wetland,SP12,86.8,0,0.8,NOCA,a,,1,1,
6/10/2022,2022,9:00,stono,,wetland,SP12,86.8,0,0.8,CARW,a,,1,1,
6/10/2022,2022,9:00,stono,,wetland,SP12,86.8,0,0.8,NOPA,a,,1,1,
6/10/2022,2022,9:00,stono,,wetland,SP12,86.8,0,0.8,EATO,a,,1,1,
6/10/2022,2022,9:00,stono,,wetland,SP12,86.8,0,0.8,SUTA,a,,1,1,
6/10/2022,2022,9:00,stono,,wetland,SP12,86.8,0,0.8,YBCU,a,,1,1,
6/10/2022,2022,9:00,stono,,wetland,SP12,86.8,0,0.8,BGGN,a,1,,1,
6/10/2022,2022,8:15,stono,,wetland,SP16,74.3,0,0,BGGN,a,2,,2,
6/10/2022,2022,8:15,stono,,wetland,SP16,74.3,0,0,NOPA,a,,2,2,
6/10/2022,2022,8:15,stono,,wetland,SP16,74.3,0,0,WEVI,a,,2,2,
6/10/2022,2022,8:15,stono,,wetland,SP16,74.3,0,0,TUTI,a,2,,2,
6/10/2022,2022,8:15,stono,,wetland,SP16,74.3,0,0,REVI,a,,1,1,
6/10/2022,2022,8:15,stono,,wetland,SP16,74.3,0,0,CARW,a,,1,1,
6/10/2022,2022,8:15,stono,,wetland,SP16,74.3,0,0,RBWO,a,,1,1,
6/10/2022,2022,8:48,stono,,wetland,SP13,75.5,0,0,NOCA,a,,3,3,
6/10/2022,2022,8:48,stono,,wetland,SP13,75.5,0,0,NOPA,a,,1,1,
6/10/2022,2022,8:48,stono,,wetland,SP13,75.5,0,0,BGGN,a,2,,2,
6/10/2022,2022,8:48,stono,,wetland,SP13,75.5,0,0,EATO,a,,1,1,
6/10/2022,2022,8:48,stono,,wetland,SP13,75.5,0,0,CARW,a,1,1,2,
6/10/2022,2022,8:48,stono,,wetland,SP13,75.5,0,0,TUTI,a,1,,1,
6/10/2022,2022,8:48,stono,,wetland,SP13,75.5,0,0,INBU,a,,1,1,
6/10/2022,2022,8:48,stono,,wetland,SP13,75.5,0,0,BHCO,v,1,,1,
6/10/2022,2022,7:14,stono,,wetland,SP11,74.9,0,0,TUTI,a,1,1,2,
6/10/2022,2022,7:14,stono,,wetland,SP11,74.9,0,0,NOCA,a,2,1,3,
6/10/2022,2022,7:14,stono,,wetland,SP11,74.9,0,0,RBWO,a,1,,1,
6/10/2022,2022,7:14,stono,,wetland,SP11,74.9,0,0,PIWA,a,,2,2,
6/10/2022,2022,7:14,stono,,wetland,SP11,74.9,0,0,WEVI,a,1,1,2,
6/10/2022,2022,7:14,stono,,wetland,SP11,74.9,0,0,EAWP,a,,1,1,
6/10/2022,2022,7:14,stono,,wetland,SP11,74.9,0,0,BLJA,a,,1,1,
6/10/2022,2022,7:49,stono,6,wetland,SP05,77.5,0,0,BGGN,a,1,,1,
6/10/2022,2022,7:49,stono,6,wetland,SP05,77.5,0,0,NOPA,a,1,,1,
6/10/2022,2022,7:49,stono,6,wetland,SP05,77.5,0,0,GCFL,a,2,,2,
6/10/2022,2022,7:49,stono,6,wetland,SP05,77.5,0,0,BLGR,a,,1,1,
6/10/2022,2022,7:49,stono,6,wetland,SP05,77.5,0,0,BHCO,a,1,,1,
6/10/2022,2022,7:49,stono,6,wetland,SP05,77.5,0,0,DOWO,a,1,,1,
6/10/2022,2022,7:49,stono,6,wetland,SP05,77.5,0,0,WEVI,a,1,,1,
6/11/2021,2021,7:32,stono,6,wetland,SP09,79,36,,CARW,a,,1,1,
6/11/2021,2021,7:32,stono,6,wetland,SP09,79,36,,RBWO,a,1,,1,
6/11/2021,2021,7:32,stono,6,wetland,SP09,79,36,,WEVI,a,1,,1,
6/11/2021,2021,7:32,stono,6,wetland,SP09,79,36,,NOCA,a,,1,1,
6/12/2021,2021,6:44,stono,6,wetland,SP09,73,36,,RBWO,a,,1,1,
6/12/2021,2021,6:44,stono,6,wetland,SP09,73,36,,WEVI,a,1,,1,
6/12/2021,2021,6:44,stono,6,wetland,SP09,73,36,,GRHE,v,1,,1,
6/12/2021,2021,6:44,stono,6,wetland,SP09,73,36,,BGGN,a,2,,2,
6/12/2021,2021,6:44,stono,6,wetland,SP09,73,36,,CACH,a,,1,1,
6/12/2021,2021,6:44,stono,6,wetland,SP09,73,36,,GCFL,a,,1,1,
6/9/2021,2021,7:08,stono,6,wetland,SP09,75,36,,LBHE,v,1,,1,
6/9/2021,2021,7:08,stono,6,wetland,SP09,75,36,,TUTI,a,1,1,2,
6/9/2021,2021,7:08,stono,6,wetland,SP09,75,36,,GRHE,v,,1,1,
6/9/2021,2021,7:08,stono,6,wetland,SP09,75,36,,WEVI,a,,1,1,
6/9/2021,2021,7:08,stono,6,wetland,SP09,75,36,,BHCO,v,,1,1,
6/9/2021,2021,7:08,stono,6,wetland,SP09,75,36,,NOCA,a,,1,1,
6/11/2021,2021,8:00,stono,6,wetland,SP05,79,0,,NOPA,a,1,,1,
6/11/2021,2021,8:00,stono,6,wetland,SP05,79,0,,CACH,a,2,,2,
6/11/2021,2021,8:00,stono,6,wetland,SP05,79,0,,REVI,a,,1,1,
6/11/2021,2021,8:00,stono,6,wetland,SP05,79,0,,WEVI,a,,2,2,
6/11/2021,2021,8:00,stono,6,wetland,SP05,79,0,,BGGN,a,1,,1,
6/12/2021,2021,7:08,stono,6,wetland,SP05,75,0,,TUTI,a,2,,2,
6/12/2021,2021,7:08,stono,6,wetland,SP05,75,0,,WEVI,a,1,,1,
6/12/2021,2021,7:08,stono,6,wetland,SP05,75,0,,NOPA,a,1,,1,
6/12/2021,2021,7:08,stono,6,wetland,SP05,75,0,,CACH,a,,1,1,
6/12/2021,2021,7:08,stono,6,wetland,SP05,75,0,,CARW,v,,2,2,
6/9/2021,2021,6:46,stono,6,wetland,SP05,75,0,,CACH,a,1,2,3,
6/9/2021,2021,6:46,stono,6,wetland,SP05,75,0,,CARW,a,1,1,2,
6/9/2021,2021,6:46,stono,6,wetland,SP05,75,0,,TUTI,a,2,,2,
6/9/2021,2021,6:46,stono,6,wetland,SP05,75,0,,WEVI,a,,1,1,
6/9/2021,2021,6:46,stono,6,wetland,SP05,75,0,,NOPA,v,1,,1,
6/9/2021,2021,6:46,stono,6,wetland,SP05,75,0,,REVI,a,1,,1,
6/9/2021,2021,7:29,stono,6,wetland,SP01,77,0,,YBCH,a,1,,1,
6/9/2021,2021,7:29,stono,6,wetland,SP01,77,0,,BHCO,a,1,,1,
6/9/2021,2021,7:29,stono,6,wetland,SP01,77,0,,NOCA,a,1,,1,
6/9/2021,2021,7:29,stono,6,wetland,SP01,77,0,,WEVI,a,,1,1,
6/11/2021,2021,7:17,stono,6,wetland,SP01,77,0,,NOCA,v,1,,1,
6/11/2021,2021,7:17,stono,6,wetland,SP01,77,0,,TUTI,v,5,,5,
6/11/2021,2021,7:17,stono,6,wetland,SP01,77,0,,RBWO,a,1,1,2,
6/11/2021,2021,7:17,stono,6,wetland,SP01,77,0,,WEVI,a,1,,1,
6/11/2021,2021,7:17,stono,6,wetland,SP01,77,0,,BGGN,v,2,,2,
5/10/2021,2021,8:19,stono,6,wetland,SP01,73,2.7,,LBHE,v,1,,1,
5/10/2021,2021,8:19,stono,6,wetland,SP01,73,2.7,,NOMO,a,1,,1,
5/10/2021,2021,8:19,stono,6,wetland,SP01,73,2.7,,BLJA,a,,1,1,
5/10/2021,2021,8:19,stono,6,wetland,SP01,73,2.7,,TUTI,a,1,,1,
6/9/2021,2021,8:01,stono,6,wetland,SP07,79,0,,RBWO,v,1,,1,
6/9/2021,2021,8:01,stono,6,wetland,SP07,79,0,,CARW,a,,1,1,
6/9/2021,2021,8:01,stono,6,wetland,SP07,79,0,,CACH,a,2,1,3,
6/9/2021,2021,8:01,stono,6,wetland,SP07,79,0,,WEVI,a,,2,2,
6/9/2021,2021,8:01,stono,6,wetland,SP07,79,0,,BGGN,v,2,,2,
6/9/2021,2021,8:01,stono,6,wetland,SP07,79,0,,DOWO,a,1,,1,
6/11/2021,2021,6:45,stono,6,wetland,SP07,77,0,,CARW,a,1,1,2,
6/11/2021,2021,6:45,stono,6,wetland,SP07,77,0,,CACH,a,,1,1,
6/11/2021,2021,6:45,stono,6,wetland,SP07,77,0,,DOWO,a,1,,1,
6/11/2021,2021,6:45,stono,6,wetland,SP07,77,0,,RBWO,v,1,,1,
6/11/2021,2021,6:45,stono,6,wetland,SP07,77,0,,RBWO,a,,1,1,
6/11/2021,2021,6:45,stono,6,wetland,SP07,77,0,,NOPA,a,,1,1,
6/11/2021,2021,6:45,stono,6,wetland,SP07,77,0,,TUTI,a,,2,2,
6/11/2021,2021,6:45,stono,6,wetland,SP07,77,0,,WEVI,a,,1,1,
6/11/2021,2021,6:45,stono,6,wetland,SP07,77,0,,GCFL,a,1,,1,
5/10/2021,2021,8:38,stono,6,wetland,SP07,73,2.4,,CACH,a,1,,1,
5/10/2021,2021,8:38,stono,6,wetland,SP07,73,2.4,,CACH,v,1,,1,
5/10/2021,2021,8:38,stono,6,wetland,SP07,73,2.4,,NOPA,a,,1,1,
5/10/2021,2021,8:38,stono,6,wetland,SP07,73,2.4,,CARW,a,1,1,2,
5/10/2021,2021,8:38,stono,6,wetland,SP07,73,2.4,,TUTI,a,1,1,2,
5/10/2021,2021,8:38,stono,6,wetland,SP07,73,2.4,,WEVI,a,,1,1,
5/10/2021,2021,8:38,stono,6,wetland,SP07,73,2.4,,RBWO,v,1,,1,
5/10/2021,2021,8:38,stono,6,wetland,SP07,73,2.4,,BLJA,v,2,,2,
5/10/2021,2021,8:50,stono,6,upland,UP06,73,0,,NOMO,a,,1,1,
5/10/2021,2021,8:50,stono,6,upland,UP06,73,0,,CACH,a,1,,1,
5/10/2021,2021,8:50,stono,6,upland,UP06,73,0,,TUTI,a,1,,1,
5/10/2021,2021,8:50,stono,6,upland,UP06,73,0,,CARW,a,1,,1,
5/10/2021,2021,8:50,stono,6,upland,UP06,73,0,,EATO,a,1,,1,
6/11/2021,2021,6:57,stono,6,upland,UP06,77,0,,EATO,a,,1,1,
6/11/2021,2021,6:57,stono,6,upland,UP06,77,0,,CARW,a,,1,1,
6/11/2021,2021,6:57,stono,6,upland,UP06,77,0,,PABU,a,,2,2,
6/11/2021,2021,6:57,stono,6,upland,UP06,77,0,,PIWA,a,1,,1,
6/11/2021,2021,6:57,stono,6,upland,UP06,77,0,,INBU,a,,2,2,
6/11/2021,2021,6:57,stono,6,upland,UP06,77,0,,TUTI,a,,1,1,
6/9/2021,2021,7:48,stono,6,upland,UP06,77,0,,NOPA,a,,1,1,
6/9/2021,2021,7:48,stono,6,upland,UP06,77,0,,CARW,a,,1,1,
6/9/2021,2021,7:48,stono,6,upland,UP06,77,0,,NOCA,a,,1,1,
6/9/2021,2021,7:48,stono,6,upland,UP06,77,0,,WEVI,a,,1,1,
5/18/2021,2021,6:54,stono,5,wetland,SP03,63,2.2,,RBWO,a,1,,1,
5/18/2021,2021,6:54,stono,5,wetland,SP03,63,2.2,,BHCO,a,1,,1,
5/18/2021,2021,6:54,stono,5,wetland,SP03,63,2.2,,WEVI,a,,1,1,
5/18/2021,2021,6:54,stono,5,wetland,SP03,63,2.2,,NOCA,a,,1,1,
5/18/2021,2021,6:54,stono,5,wetland,SP03,63,2.2,,CARW,a,,1,1,
5/18/2021,2021,6:54,stono,5,wetland,SP03,63,2.2,,BGGN,a,2,,2,
5/18/2021,2021,6:54,stono,5,wetland,SP03,63,2.2,,BGGN,v,1,,1,
5/18/2021,2021,6:54,stono,5,wetland,SP03,63,2.2,,YTWA,a,,1,1,
5/18/2021,2021,6:54,stono,5,wetland,SP03,63,2.2,,NOPA,a,1,1,2,
5/18/2021,2021,6:54,stono,5,wetland,SP03,63,2.2,,DOWO,a,1,,1,
5/18/2021,2021,6:54,stono,5,wetland,SP03,63,2.2,,TUTI,a,,1,1,
6/1/2021,2021,7:45,stono,5,wetland,SP03,66,0,,WEVI,a,1,,1,
6/1/2021,2021,7:45,stono,5,wetland,SP03,66,0,,TUTI,a,,2,2,
6/1/2021,2021,7:45,stono,5,wetland,SP03,66,0,,BHCO,a,1,,1,
5/10/2021,2021,6:37,stono,5,wetland,SP03,72,4.4,,BHCO,a,1,,1,
5/10/2021,2021,6:37,stono,5,wetland,SP03,72,4.4,,EATO,a,1,,1,
5/10/2021,2021,6:37,stono,5,wetland,SP03,72,4.4,,TUTI,a,2,,2,
5/10/2021,2021,6:37,stono,5,wetland,SP03,72,4.4,,CACH,a,,1,1,
5/10/2021,2021,6:37,stono,5,wetland,SP03,72,4.4,,RBWO,a,,1,1,
5/10/2021,2021,6:37,stono,5,wetland,SP03,72,4.4,,AMCR,a,,1,1,
6/1/2021,2021,7:36,stono,5,wetland,SP08,66,0,,NOPA,a,,2,2,
6/1/2021,2021,7:36,stono,5,wetland,SP08,66,0,,RBWO,a,1,,1,
6/1/2021,2021,7:36,stono,5,wetland,SP08,66,0,,TUTI,a,2,,2,
5/18/2021,2021,7:09,stono,5,wetland,SP08,64,0,,YTWA,a,,1,1,
5/18/2021,2021,7:09,stono,5,wetland,SP08,64,0,,WEVI,a,1,1,2,
5/18/2021,2021,7:09,stono,5,wetland,SP08,64,0,,CARW,v,1,,1,
5/18/2021,2021,7:09,stono,5,wetland,SP08,64,0,,CARW,a,,1,1,
5/18/2021,2021,7:09,stono,5,wetland,SP08,64,0,,NOCA,v,1,,1,
5/18/2021,2021,7:09,stono,5,wetland,SP08,64,0,,NOCA,a,,1,1,
5/18/2021,2021,7:09,stono,5,wetland,SP08,64,0,,BGGN,a,,1,1,
5/18/2021,2021,7:09,stono,5,wetland,SP08,64,0,,NOPA,v,1,,1,
5/10/2021,2021,6:49,stono,5,wetland,SP08,72,0,,NOCA,a,2,,2,
5/10/2021,2021,6:49,stono,5,wetland,SP08,72,0,,NOCA,v,1,,1,
5/10/2021,2021,6:49,stono,5,wetland,SP08,72,0,,WEVI,a,1,,1,
5/10/2021,2021,6:49,stono,5,wetland,SP08,72,0,,MIKI,v,1,,1,
5/10/2021,2021,6:49,stono,5,wetland,SP08,72,0,,TUTI,a,,1,1,
5/10/2021,2021,6:49,stono,5,wetland,SP08,72,0,,NOPA,a,,1,1,
5/10/2021,2021,6:49,stono,5,wetland,SP08,72,0,,PIWA,a,1,,1,
6/1/2021,2021,7:25,stono,5,wetland,SP02,64,0,,NOPA,a,1,,1,
6/1/2021,2021,7:25,stono,5,wetland,SP02,64,0,,CACH,a,,1,1,
6/1/2021,2021,7:25,stono,5,wetland,SP02,64,0,,CACH,v,,1,1,
6/1/2021,2021,7:25,stono,5,wetland,SP02,64,0,,PIWA,v,,1,1,
6/1/2021,2021,7:25,stono,5,wetland,SP02,64,0,,NOCA,v,,1,1,
6/1/2021,2021,7:25,stono,5,wetland,SP02,64,0,,GCFL,v,,2,2,
5/18/2021,2021,7:20,stono,5,wetland,SP02,64,1.9,,EATO,a,1,,1,
5/18/2021,2021,7:20,stono,5,wetland,SP02,64,1.9,,BGGN,a,2,,2,
5/18/2021,2021,7:20,stono,5,wetland,SP02,64,1.9,,CACH,a,1,,1,
5/18/2021,2021,7:20,stono,5,wetland,SP02,64,1.9,,SUTA,v,1,,1,
5/18/2021,2021,7:20,stono,5,wetland,SP02,64,1.9,,PIWO,v,,1,1,
5/10/2021,2021,7:06,stono,5,wetland,SP02,72,4.5,,BHCO,v,2,,2,
5/10/2021,2021,7:06,stono,5,wetland,SP02,72,4.5,,PIWO,v,1,,1,
5/10/2021,2021,7:06,stono,5,wetland,SP02,72,4.5,,PIWA,a,,1,1,
5/10/2021,2021,7:06,stono,5,wetland,SP02,72,4.5,,NOCA,a,,1,1,
5/10/2021,2021,7:06,stono,5,wetland,SP02,72,4.5,,WEVI,a,,1,1,
5/10/2021,2021,7:06,stono,5,wetland,SP02,72,4.5,,BGGN,a,1,,1,
5/10/2021,2021,7:20,stono,5,upland,UP05,72,0,,BGGN,a,1,1,2,
5/10/2021,2021,7:20,stono,5,upland,UP05,72,0,,BGGN,v,1,,1,
5/10/2021,2021,7:20,stono,5,upland,UP05,72,0,,WEVI,a,,1,1,
5/10/2021,2021,7:20,stono,5,upland,UP05,72,0,,PABU,a,1,,1,
6/1/2021,2021,7:18,stono,5,upland,UP05,64,0,,NOPA,a,1,,1,
6/1/2021,2021,7:18,stono,5,upland,UP05,64,0,,CACH,a,1,,1,
6/1/2021,2021,7:18,stono,5,upland,UP05,64,0,,CACH,v,3,,3,
6/1/2021,2021,7:18,stono,5,upland,UP05,64,0,,TUTI,v,4,,4,
5/18/2021,2021,7:29,stono,5,upland,UP05,64,0,,CACH,a,,1,1,
5/18/2021,2021,7:29,stono,5,upland,UP05,64,0,,YTWA,a,1,,1,
5/18/2021,2021,7:29,stono,5,upland,UP05,64,0,,NOCA,v,1,,1,
5/18/2021,2021,7:29,stono,5,upland,UP05,64,0,,BGGN,a,1,,1,
5/15/2021,2021,8:37,halidon,1,wetland,HH13,61,0,,BHNU,a,,1,1,
5/15/2021,2021,8:37,halidon,1,wetland,HH13,61,0,,BGGN,a,2,,2,
05/19/2021,2021,7:49,halidon,1,wetland,HH13,63,0,,COYE,v,1,,1,
05/19/2021,2021,7:49,halidon,1,wetland,HH13,63,0,,CARW,a,1,,1,
05/19/2021,2021,7:49,halidon,1,wetland,HH13,63,0,,EATO,a,,2,2,
05/19/2021,2021,7:49,halidon,1,wetland,HH13,63,0,,RBWO,a,1,,1,
05/19/2021,2021,7:49,halidon,1,wetland,HH13,63,0,,NOMO,a,1,,1,
5/26/2021,2021,7:57,halidon,1,wetland,HH13,72,0,,TUTI,a,1,1,2,
5/26/2021,2021,7:57,halidon,1,wetland,HH13,72,0,,TUTI,v,1,,1,
5/26/2021,2021,7:57,halidon,1,wetland,HH13,72,0,,CARW,v,1,,1,
5/26/2021,2021,7:57,halidon,1,wetland,HH13,72,0,,CARW,v,,1,1,
5/26/2021,2021,7:57,halidon,1,wetland,HH13,72,0,,CACH,a,1,,1,
5/26/2021,2021,7:57,halidon,1,wetland,HH13,72,0,,NOCA,v,1,,1,
5/26/2021,2021,7:57,halidon,1,wetland,HH13,72,0,,COYE,v,1,,1,
5/26/2021,2021,7:57,halidon,1,wetland,HH13,72,0,,EATO,v,1,,1,
5/26/2021,2021,7:57,halidon,1,wetland,HH13,72,0,,RBWO,v,1,,1,
5/15/2021,2021,9:10,halidon,1,wetland,HH33,64,0,,BGGN,a,2,,2,
5/15/2021,2021,9:10,halidon,1,wetland,HH33,64,0,,TUTI,a,1,1,2,
5/15/2021,2021,9:10,halidon,1,wetland,HH33,64,0,,EATO,a,1,1,2,
5/15/2021,2021,9:10,halidon,1,wetland,HH33,64,0,,RBWO,v,1,,1,
5/15/2021,2021,9:10,halidon,1,wetland,HH33,64,0,,RBWO,a,,1,1,
5/15/2021,2021,9:10,halidon,1,wetland,HH33,64,0,,CHSP,a,,1,1,
5/15/2021,2021,9:10,halidon,1,wetland,HH33,64,0,,EAWP,v,1,,1,
5/15/2021,2021,9:10,halidon,1,wetland,HH33,64,0,,RHWO,a,,1,1,
5/15/2021,2021,9:10,halidon,1,wetland,HH33,64,0,,COYE,a,,1,1,
5/19/2012,2021,7:07,halidon,1,wetland,HH33,63,0,,CARW,a,1,,1,
5/19/2012,2021,7:07,halidon,1,wetland,HH33,63,0,,BGGN,a,1,1,2,
5/19/2012,2021,7:07,halidon,1,wetland,HH33,63,0,,NOCA,a,,1,1,
5/19/2012,2021,7:07,halidon,1,wetland,HH33,63,0,,EATO,a,,1,1,
5/19/2012,2021,7:07,halidon,1,wetland,HH33,63,0,,COYE,a,1,,1,
5/19/2012,2021,7:07,halidon,1,wetland,HH33,63,0,,WEVI,a,,1,1,
5/19/2012,2021,7:07,halidon,1,wetland,HH33,63,0,,NOMO,a,1,,1,
5/26/2021,2021,8:37,halidon,1,wetland,HH33,75,0,,BGGN,v,2,,2,
5/26/2021,2021,8:37,halidon,1,wetland,HH33,75,0,,YBCH,a,1,,1,
5/26/2021,2021,8:37,halidon,1,wetland,HH33,75,0,,CARW,a,1,,1,
5/26/2021,2021,8:37,halidon,1,wetland,HH33,75,0,,RBWO,a,1,,1,
5/15/2021,2021,8:54,halidon,1,wetland,HH34,61,0,,BGGN,a,2,,2,
5/15/2021,2021,8:54,halidon,1,wetland,HH34,61,0,,DOWO,v,1,,1,
5/15/2021,2021,8:54,halidon,1,wetland,HH34,61,0,,CHSP,v,1,,1,
5/15/2021,2021,8:54,halidon,1,wetland,HH34,61,0,,RHWO,a,,1,1,
5/19/2021,2021,7:22,halidon,1,wetland,HH34,63,0,,NOCA,a,,1,1,
5/19/2021,2021,7:22,halidon,1,wetland,HH34,63,0,,COYE,a,1,,1,
5/19/2021,2021,7:22,halidon,1,wetland,HH34,63,0,,DOWO,a,,1,1,
5/19/2021,2021,7:22,halidon,1,wetland,HH34,63,0,,CARW,a,,1,1,
5/26/2021,2021,8:23,halidon,1,wetland,HH34,75,0,,COYE,a,,2,2,
5/26/2021,2021,8:23,halidon,1,wetland,HH34,75,0,,WBNU,v,1,1,2,
5/26/2021,2021,8:23,halidon,1,wetland,HH34,75,0,,PIWA,a,,2,2,
5/26/2021,2021,8:23,halidon,1,wetland,HH34,75,0,,PIWA,v,,1,1,
5/26/2021,2021,8:23,halidon,1,wetland,HH34,75,0,,BGGN,a,2,,2,
5/15/2021,2021,8:13,halidon,1,upland,UP01,55,0,,EATO,v,1,,1,
5/15/2021,2021,8:13,halidon,1,upland,UP01,55,0,,COYE,v,1,,1,
5/15/2021,2021,8:13,halidon,1,upland,UP01,55,0,,BHNU,a,,1,1,
5/15/2021,2021,8:13,halidon,1,upland,UP01,55,0,,BLGR,v,1,,1,
05/19/2021,2021,7:32,halidon,1,upland,UP01,63,0,,COYE,v,1,,1,
05/19/2021,2021,7:32,halidon,1,upland,UP01,63,0,,COYE,a,,1,1,
05/19/2021,2021,7:32,halidon,1,upland,UP01,63,0,,BHNU,a,,1,1,
5/26/2021,2021,8:16,halidon,1,upland,UP01,75,0,,PIWA,a,1,,1,
5/26/2021,2021,8:16,halidon,1,upland,UP01,75,0,,PIWA,v,1,,1,
5/26/2021,2021,8:16,halidon,1,upland,UP01,75,0,,EATO,a,,1,1,
05/14/2021,2021,8:19,halidon,2,wetland,HH17,55,0,,NOCA,a,1,,1,
05/14/2021,2021,8:19,halidon,2,wetland,HH17,55,0,,PIWA,a,3,,3,
05/14/2021,2021,8:19,halidon,2,wetland,HH17,55,0,,COYE,v,1,,1,
05/14/2021,2021,8:19,halidon,2,wetland,HH17,55,0,,PABU,v,,1,1,
05/14/2021,2021,8:19,halidon,2,wetland,HH17,55,0,,BHNU,a,,1,1,
05/17/2021,2021,7:37,halidon,2,wetland,HH17,55,0,,BHNU,a,1,,1,
05/17/2021,2021,7:37,halidon,2,wetland,HH17,55,0,,BHNU,v,3,,3,
05/17/2021,2021,7:37,halidon,2,wetland,HH17,55,0,,COYE,a,,2,2,
05/17/2021,2021,7:37,halidon,2,wetland,HH17,55,0,,AMRO,a,,1,1,
05/24/2021,2021,7:58,halidon,2,wetland,HH17,72,0,,BHNU,a,1,2,3,
05/24/2021,2021,7:58,halidon,2,wetland,HH17,72,0,,BHNU,v,2,,2,
05/24/2021,2021,7:58,halidon,2,wetland,HH17,72,0,,EAWP,v,1,,1,
05/24/2021,2021,7:58,halidon,2,wetland,HH17,72,0,,BGGN,v,1,,1,
05/12/2021,2021,8:52,halidon,2,wetland,HH14,61,0,,EATO,a,,1,1,
05/12/2021,2021,8:52,halidon,2,wetland,HH14,61,0,,WOTH,a,,1,1,
05/12/2021,2021,8:52,halidon,2,wetland,HH14,61,0,,MIKI,v,,1,1,
05/17/2021,2021,7:05,halidon,2,wetland,HH14,52,0,,EAKI,v,1,,1,
05/17/2021,2021,7:05,halidon,2,wetland,HH14,52,0,,COYE,a,1,1,2,
05/17/2021,2021,7:05,halidon,2,wetland,HH14,52,0,,CARW,v,1,,1,
05/17/2021,2021,7:05,halidon,2,wetland,HH14,52,0,,PIWA,a,,2,2,
05/17/2021,2021,7:05,halidon,2,wetland,HH14,52,0,,EATO,a,,1,1,
05/17/2021,2021,7:05,halidon,2,wetland,HH14,52,0,,CHSP,a,,1,1,
05/24/2021,2021,8:26,halidon,2,wetland,HH14,73,0,,EAKI,v,1,,1,
05/24/2021,2021,8:26,halidon,2,wetland,HH14,73,0,,MODO,v,2,,2,
05/24/2021,2021,8:26,halidon,2,wetland,HH14,73,0,,CARW,a,1,,1,
05/24/2021,2021,8:26,halidon,2,wetland,HH14,73,0,,RWBL,a,,1,1,
05/24/2021,2021,8:26,halidon,2,wetland,HH14,73,0,,EAWP,a,,1,1,
05/24/2021,2021,8:26,halidon,2,wetland,HH14,73,0,,COYE,a,,1,1,
05/24/2021,2021,8:26,halidon,2,wetland,HH14,73,0,,EATO,a,,1,1,
05/24/2021,2021,8:26,halidon,2,wetland,HH14,73,0,,BHCO,a,,2,2,
05/14/2021,2021,8:34,halidon,2,wetland,HH22,57,0,,EATO,a,,1,1,
05/14/2021,2021,8:34,halidon,2,wetland,HH22,57,0,,EATO,v,,2,2,
05/14/2021,2021,8:34,halidon,2,wetland,HH22,57,0,,COYE,v,1,,1,
05/14/2021,2021,8:34,halidon,2,wetland,HH22,57,0,,COYE,a,,1,1,
05/14/2021,2021,8:34,halidon,2,wetland,HH22,57,0,,PIWA,a,,1,1,
05/14/2021,2021,8:34,halidon,2,wetland,HH22,57,0,,CACH,a,,2,2,
05/17/2021,2021,7:23,halidon,2,wetland,HH22,52,0,,COYE,a,1,1,2,
05/17/2021,2021,7:23,halidon,2,wetland,HH22,52,0,,CARW,a,,1,1,
05/17/2021,2021,7:23,halidon,2,wetland,HH22,52,0,,CACH,a,,2,2,
05/17/2021,2021,7:23,halidon,2,wetland,HH22,52,0,,PIWA,v,,2,2,
05/24/2021,2021,7:45,halidon,2,wetland,HH22,70,0,,CARW,a,1,,1,
05/24/2021,2021,7:45,halidon,2,wetland,HH22,70,0,,NOCA,v,2,,2,
05/24/2021,2021,7:45,halidon,2,wetland,HH22,70,0,,BGGN,v,1,,1,
05/24/2021,2021,7:45,halidon,2,wetland,HH22,70,0,,BHCO,a,,1,1,
05/24/2021,2021,7:45,halidon,2,wetland,HH22,70,0,,EATO,v,2,,2,
05/14/2021,2021,9:06,halidon,2,upland,UP02,61,0,,EABL,v,1,,1,
05/14/2021,2021,9:06,halidon,2,upland,UP02,61,0,,EABL,a,,1,1,
05/14/2021,2021,9:06,halidon,2,upland,UP02,61,0,,PIWA,a,,1,1,
05/14/2021,2021,9:06,halidon,2,upland,UP02,61,0,,PIWA,v,,2,2,
05/14/2021,2021,9:06,halidon,2,upland,UP02,61,0,,BHNU,a,,1,1,
05/14/2021,2021,9:06,halidon,2,upland,UP02,61,0,,RBWO,a,,1,1,
05/14/2021,2021,9:06,halidon,2,upland,UP02,61,0,,EATO,a,,1,1,
05/17/2021,2021,6:52,halidon,2,upland,UP02,52,0,,COYE,v,1,,1,
05/17/2021,2021,6:52,halidon,2,upland,UP02,52,0,,EATO,a,,1,1,
05/17/2021,2021,6:52,halidon,2,upland,UP02,52,0,,PIWA,v,2,,2,
05/17/2021,2021,6:52,halidon,2,upland,UP02,52,0,,CHSP,a,,2,2,
05/24/2021,2021,8:14,halidon,2,upland,UP02,72,0,,DOWO,v,,1,1,
05/24/2021,2021,8:14,halidon,2,upland,UP02,72,0,,EAWP,v,,1,1,
05/24/2021,2021,8:14,halidon,2,upland,UP02,72,0,,BHNU,a,,2,2,
05/24/2021,2021,8:14,halidon,2,upland,UP02,72,0,,PIWA,v,2,,2,
05/15/2021,2021,7:44,halidon,3,wetland,HH48,50,7.2,,COYE,a,1,,1,
05/15/2021,2021,7:44,halidon,3,wetland,HH48,50,7.2,,COYE,v,1,,1,
05/15/2021,2021,7:44,halidon,3,wetland,HH48,50,7.2,,BHNU,a,1,,1,
05/15/2021,2021,7:44,halidon,3,wetland,HH48,50,7.2,,PIWA,v,2,,2,
05/15/2021,2021,7:44,halidon,3,wetland,HH48,50,7.2,,PIWA,a,,1,1,
05/19/2021,2021,8:15,halidon,3,wetland,HH48,66,0,,BGGN,v,2,,2,
05/19/2021,2021,8:15,halidon,3,wetland,HH48,66,0,,DOWO,a,1,,1,
05/19/2021,2021,8:15,halidon,3,wetland,HH48,66,0,,CHSP,v,2,,2,
05/26/2021,2021,7:37,halidon,3,wetland,HH48,72,0,,PIWA,a,1,,1,
05/26/2021,2021,7:37,halidon,3,wetland,HH48,72,0,,PIWA,a,,3,3,
05/26/2021,2021,7:37,halidon,3,wetland,HH48,72,0,,RBWO,v,1,,1,
05/26/2021,2021,7:37,halidon,3,wetland,HH48,72,0,,BHNU,a,,1,1,
05/26/2021,2021,7:37,halidon,3,wetland,HH48,72,0,,EAWP,v,,1,1,
05/15/2021,2021,7:44,halidon,3,wetland,HH49,48,1.8,,COYE,a,1,,1,
05/15/2021,2021,7:44,halidon,3,wetland,HH49,48,1.8,,COYE,a,,1,1,
05/15/2021,2021,7:44,halidon,3,wetland,HH49,48,1.8,,PIWO,a,,1,1,
05/15/2021,2021,7:44,halidon,3,wetland,HH49,48,1.8,,RBWO,a,,1,1,
05/15/2021,2021,7:44,halidon,3,wetland,HH49,48,1.8,,EATO,a,,1,1,
05/15/2021,2021,7:44,halidon,3,wetland,HH49,48,1.8,,EAWP,a,,1,1,
05/15/2021,2021,7:44,halidon,3,wetland,HH49,48,1.8,,RHWO,a,,1,1,
05/15/2021,2021,7:44,halidon,3,wetland,HH49,48,1.8,,BHNU,a,,1,1,
05/19/2021,2021,8:25,halidon,3,wetland,HH49,66,0,,COYE,a,1,,1,
05/19/2021,2021,8:25,halidon,3,wetland,HH49,66,0,,GCFL,v,2,,2,
05/19/2021,2021,8:25,halidon,3,wetland,HH49,66,0,,EAWP,a,,1,1,
05/19/2021,2021,8:25,halidon,3,wetland,HH49,66,0,,CHSP,a,,2,2,
05/19/2021,2021,8:25,halidon,3,wetland,HH49,66,0,,RBWO,a,1,,1,
05/19/2021,2021,8:25,halidon,3,wetland,HH49,66,0,,EATO,a,,1,1,
05/19/2021,2021,8:25,halidon,3,wetland,HH49,66,0,,BGGN,a,2,,2,
05/19/2021,2021,8:25,halidon,3,wetland,HH49,66,0,,CACH,v,2,,2,
05/26/2021,2021,7:24,halidon,3,wetland,HH49,72,0,,DOWO,v,2,,2,
05/26/2021,2021,7:24,halidon,3,wetland,HH49,72,0,,RHWO,v,,2,2,
05/26/2021,2021,7:24,halidon,3,wetland,HH49,72,0,,INBU,v,1,,1,
05/26/2021,2021,7:24,halidon,3,wetland,HH49,72,0,,COYE,a,,1,1,
05/15/2021,2021,7:13,halidon,3,wetland,HH50,48,0,,NOCA,v,2,,2,
05/15/2021,2021,7:13,halidon,3,wetland,HH50,48,0,,PIWA,a,1,,1,
05/15/2021,2021,7:13,halidon,3,wetland,HH50,48,0,,PIWA,v,1,1,2,
05/15/2021,2021,7:13,halidon,3,wetland,HH50,48,0,,TUTI,a,2,,2,
05/15/2021,2021,7:13,halidon,3,wetland,HH50,48,0,,DOWO,a,,1,1,
05/15/2021,2021,7:13,halidon,3,wetland,HH50,48,0,,YTWA,a,,1,1,
05/15/2021,2021,7:13,halidon,3,wetland,HH50,48,0,,CHSP,v,1,,1,
05/19/2021,2021,8:36,halidon,3,wetland,HH50,70,0,,CACH,v,1,,1,
05/19/2021,2021,8:36,halidon,3,wetland,HH50,70,0,,BHNU,a,,1,1,
05/19/2021,2021,8:36,halidon,3,wetland,HH50,70,0,,DOWO,a,1,,1,
05/26/2021,2021,7:12,halidon,3,wetland,HH50,70,0,,CACH,a,2,1,3,
05/26/2021,2021,7:12,halidon,3,wetland,HH50,70,0,,CACH,v,1,,1,
05/26/2021,2021,7:12,halidon,3,wetland,HH50,70,0,,BGGN,v,3,,3,
05/26/2021,2021,7:12,halidon,3,wetland,HH50,70,0,,TUTI,v,3,,3,
05/15/2021,2021,7:01,halidon,3,upland,UP03,48,0,,YTWA,a,,1,1,
05/15/2021,2021,7:01,halidon,3,upland,UP03,48,0,,PIWA,v,3,,3,
05/15/2021,2021,7:01,halidon,3,upland,UP03,48,0,,NOCA,a,,1,1,
05/15/2021,2021,7:01,halidon,3,upland,UP03,48,0,,PIWA,a,,1,1,
05/15/2021,2021,7:01,halidon,3,upland,UP03,48,0,,DOWO,a,,1,1,
05/19/2021,2021,8:50,halidon,3,upland,UP03,70,0,,BHNU,a,1,,1,
05/19/2021,2021,8:50,halidon,3,upland,UP03,70,0,,PIWA,v,3,,3,
05/19/2021,2021,8:50,halidon,3,upland,UP03,70,0,,CHSP,a,,2,2,
05/19/2021,2021,8:50,halidon,3,upland,UP03,70,0,,BCSP,v,1,,1,
05/26/2021,2021,7:00,halidon,3,upland,UP03,68,0,,PIWA,a,,1,1,
05/14/2021,2021,6:57,halidon,4,wetland,HH02,48,0,,TUTI,a,1,,1,
05/14/2021,2021,6:57,halidon,4,wetland,HH02,48,0,,TUTI,v,,2,2,
05/14/2021,2021,6:57,halidon,4,wetland,HH02,48,0,,CACH,v,1,,1,
05/14/2021,2021,6:57,halidon,4,wetland,HH02,48,0,,COYE,a,1,,1,
05/14/2021,2021,6:57,halidon,4,wetland,HH02,48,0,,YBCU,v,1,,1,
05/17/2021,2021,8:40,halidon,4,wetland,HH02,64,0,,TUTI,a,1,,1,
05/17/2021,2021,8:40,halidon,4,wetland,HH02,64,0,,GCFL,a,,1,1,
05/17/2021,2021,8:40,halidon,4,wetland,HH02,64,0,,WOTH,a,,1,1,
05/17/2021,2021,8:40,halidon,4,wetland,HH02,64,0,,BGGN,v,1,,1,
05/17/2021,2021,8:40,halidon,4,wetland,HH02,64,0,,BGGN,a,,1,1,
05/17/2021,2021,8:40,halidon,4,wetland,HH02,64,0,,COYE,a,,2,2,
05/17/2021,2021,8:40,halidon,4,wetland,HH02,64,0,,YBCU,v,1,,1,
05/24/2021,2021,6:44,halidon,4,wetland,HH02,68,0,,CARW,a,1,,1,
05/24/2021,2021,6:44,halidon,4,wetland,HH02,68,0,,DOWO,a,1,,1,
05/24/2021,2021,6:44,halidon,4,wetland,HH02,68,0,,DOWO,v,,1,1,
05/24/2021,2021,6:44,halidon,4,wetland,HH02,68,0,,BGGN,a,2,,2,
05/14/2021,2021,7:15,halidon,4,wetland,HH04,48,3.1,,CACH,a,2,,2,
05/14/2021,2021,7:15,halidon,4,wetland,HH04,48,3.1,,TUTI,a,2,,2,
05/14/2021,2021,7:15,halidon,4,wetland,HH04,48,3.1,,COYE,a,,1,1,
05/14/2021,2021,7:15,halidon,4,wetland,HH04,48,3.1,,BGGN,a,1,1,2,
05/14/2021,2021,7:15,halidon,4,wetland,HH04,48,3.1,,BGGN,v,1,,1,
05/14/2021,2021,7:15,halidon,4,wetland,HH04,48,3.1,,PIWA,a,,1,1,
05/17/2021,2021,8:26,halidon,4,wetland,HH04,57,0,,NOMO,a,1,,1,
05/17/2021,2021,8:26,halidon,4,wetland,HH04,57,0,,CHSP,a,,1,1,
05/17/2021,2021,8:26,halidon,4,wetland,HH04,57,0,,COYE,a,,1,1,
05/17/2021,2021,8:26,halidon,4,wetland,HH04,57,0,,TUTI,a,1,,1,
05/17/2021,2021,8:26,halidon,4,wetland,HH04,57,0,,EATO,v,1,,1,
05/17/2021,2021,8:26,halidon,4,wetland,HH04,57,0,,EATO,a,,1,1,
05/17/2021,2021,8:26,halidon,4,wetland,HH04,57,0,,BGGN,a,1,,1,
05/24/2021,2021,6:59,halidon,4,wetland,HH04,68,0,,NOMO,v,1,,1,
05/24/2021,2021,6:59,halidon,4,wetland,HH04,68,0,,BGGN,a,1,1,2,
05/24/2021,2021,6:59,halidon,4,wetland,HH04,68,0,,BGGN,v,1,,1,
05/24/2021,2021,6:59,halidon,4,wetland,HH04,68,0,,COYE,a,,1,1,
05/24/2021,2021,6:59,halidon,4,wetland,HH04,68,0,,TUTI,v,1,,1,
05/14/2021,2021,7:52,halidon,4,wetland,HH07,52,0,,RBWO,v,1,,1,
05/14/2021,2021,7:52,halidon,4,wetland,HH07,52,0,,RBWO,a,,1,1,
05/14/2021,2021,7:52,halidon,4,wetland,HH07,52,0,,WBNU,a,,1,1,
05/14/2021,2021,7:52,halidon,4,wetland,HH07,52,0,,GCFL,a,,1,1,
05/14/2021,2021,7:52,halidon,4,wetland,HH07,52,0,,COYE,a,,1,1,
05/17/2021,2021,7:59,halidon,4,wetland,HH07,57,0,,COYE,a,,1,1,
05/17/2021,2021,7:59,halidon,4,wetland,HH07,57,0,,RHWO,a,1,,1,
05/17/2021,2021,7:59,halidon,4,wetland,HH07,57,0,,AMRO,a,,1,1,
05/17/2021,2021,7:59,halidon,4,wetland,HH07,57,0,,GCFL,a,1,1,2,
05/17/2021,2021,7:59,halidon,4,wetland,HH07,57,0,,RSHA,v,,1,1,
05/17/2021,2021,7:59,halidon,4,wetland,HH07,57,0,,PIWA,a,,1,1,
05/24/2021,2021,7:24,halidon,4,wetland,HH07,68,0,,CARW,a,1,,1,
05/24/2021,2021,7:24,halidon,4,wetland,HH07,68,0,,BHCO,a,,1,1,
05/24/2021,2021,7:24,halidon,4,wetland,HH07,68,0,,NOCA,a,,2,2,
05/24/2021,2021,7:24,halidon,4,wetland,HH07,68,0,,TUTI,v,2,,2,
05/14/2021,2021,7:29,halidon,4,upland,UP04,52,0,,EAKI,v,2,,2,
05/14/2021,2021,7:29,halidon,4,upland,UP04,52,0,,BHNU,a,1,1,2,
05/14/2021,2021,7:29,halidon,4,upland,UP04,52,0,,NOMO,v,,2,2,
05/14/2021,2021,7:29,halidon,4,upland,UP04,52,0,,BHCO,v,,1,1,
05/14/2021,2021,7:29,halidon,4,upland,UP04,52,0,,OROR,v,1,,1,
05/17/2021,2021,8:15,halidon,4,upland,UP04,57,0,,EAKI,v,1,2,3,
05/17/2021,2021,8:15,halidon,4,upland,UP04,57,0,,TUTI,v,3,3,6,
05/17/2021,2021,8:15,halidon,4,upland,UP04,57,0,,OROR,v,,1,1,
05/17/2021,2021,8:15,halidon,4,upland,UP04,57,0,,COYE,v,1,,1,
05/24/2021,2021,7:10,halidon,4,upland,UP04,68,0,,EAKI,v,1,2,3,
05/24/2021,2021,7:10,halidon,4,upland,UP04,68,0,,OROR,v,1,,1,
05/24/2021,2021,7:10,halidon,4,upland,UP04,68,0,,BGGN,v,1,,1,
05/24/2021,2021,7:10,halidon,4,upland,UP04,68,0,,PABU,v,,1,1,
05/24/2021,2021,7:10,halidon,4,upland,UP04,68,0,,RHWO,v,,1,1,